revision	parent_revision	operation	reference_ordinal	byte_offset	replacement_prefix_be_u64
1	0	genesis	26	523926	0000000000000001
2	1	fixed-reference-same-count-replace	26	523926	0000000000000002
3	2	fixed-reference-same-count-replace	26	523926	0000000000000003
4	3	fixed-reference-same-count-replace	26	523926	0000000000000004
5	4	fixed-reference-same-count-replace	26	523926	0000000000000005
6	5	fixed-reference-same-count-replace	26	523926	0000000000000006
7	6	fixed-reference-same-count-replace	26	523926	0000000000000007
8	7	fixed-reference-same-count-replace	26	523926	0000000000000008
9	8	fixed-reference-same-count-replace	26	523926	0000000000000009
10	9	fixed-reference-same-count-replace	26	523926	000000000000000a
11	10	fixed-reference-same-count-replace	26	523926	000000000000000b
12	11	fixed-reference-same-count-replace	26	523926	000000000000000c
13	12	fixed-reference-same-count-replace	26	523926	000000000000000d
14	13	fixed-reference-same-count-replace	26	523926	000000000000000e
15	14	fixed-reference-same-count-replace	26	523926	000000000000000f
16	15	fixed-reference-same-count-replace	26	523926	0000000000000010
17	16	fixed-reference-same-count-replace	26	523926	0000000000000011
18	17	fixed-reference-same-count-replace	26	523926	0000000000000012
19	18	fixed-reference-same-count-replace	26	523926	0000000000000013
20	19	fixed-reference-same-count-replace	26	523926	0000000000000014
21	20	fixed-reference-same-count-replace	26	523926	0000000000000015
22	21	fixed-reference-same-count-replace	26	523926	0000000000000016
23	22	fixed-reference-same-count-replace	26	523926	0000000000000017
24	23	fixed-reference-same-count-replace	26	523926	0000000000000018
25	24	fixed-reference-same-count-replace	26	523926	0000000000000019
26	25	fixed-reference-same-count-replace	26	523926	000000000000001a
27	26	fixed-reference-same-count-replace	26	523926	000000000000001b
28	27	fixed-reference-same-count-replace	26	523926	000000000000001c
29	28	fixed-reference-same-count-replace	26	523926	000000000000001d
30	29	fixed-reference-same-count-replace	26	523926	000000000000001e
31	30	fixed-reference-same-count-replace	26	523926	000000000000001f
32	31	fixed-reference-same-count-replace	26	523926	0000000000000020
33	32	fixed-reference-same-count-replace	26	523926	0000000000000021
34	33	fixed-reference-same-count-replace	26	523926	0000000000000022
35	34	fixed-reference-same-count-replace	26	523926	0000000000000023
36	35	fixed-reference-same-count-replace	26	523926	0000000000000024
37	36	fixed-reference-same-count-replace	26	523926	0000000000000025
38	37	fixed-reference-same-count-replace	26	523926	0000000000000026
39	38	fixed-reference-same-count-replace	26	523926	0000000000000027
40	39	fixed-reference-same-count-replace	26	523926	0000000000000028
41	40	fixed-reference-same-count-replace	26	523926	0000000000000029
42	41	fixed-reference-same-count-replace	26	523926	000000000000002a
43	42	fixed-reference-same-count-replace	26	523926	000000000000002b
44	43	fixed-reference-same-count-replace	26	523926	000000000000002c
45	44	fixed-reference-same-count-replace	26	523926	000000000000002d
46	45	fixed-reference-same-count-replace	26	523926	000000000000002e
47	46	fixed-reference-same-count-replace	26	523926	000000000000002f
48	47	fixed-reference-same-count-replace	26	523926	0000000000000030
49	48	fixed-reference-same-count-replace	26	523926	0000000000000031
50	49	fixed-reference-same-count-replace	26	523926	0000000000000032
51	50	fixed-reference-same-count-replace	26	523926	0000000000000033
52	51	fixed-reference-same-count-replace	26	523926	0000000000000034
53	52	fixed-reference-same-count-replace	26	523926	0000000000000035
54	53	fixed-reference-same-count-replace	26	523926	0000000000000036
55	54	fixed-reference-same-count-replace	26	523926	0000000000000037
56	55	fixed-reference-same-count-replace	26	523926	0000000000000038
57	56	fixed-reference-same-count-replace	26	523926	0000000000000039
58	57	fixed-reference-same-count-replace	26	523926	000000000000003a
59	58	fixed-reference-same-count-replace	26	523926	000000000000003b
60	59	fixed-reference-same-count-replace	26	523926	000000000000003c
61	60	fixed-reference-same-count-replace	26	523926	000000000000003d
62	61	fixed-reference-same-count-replace	26	523926	000000000000003e
63	62	fixed-reference-same-count-replace	26	523926	000000000000003f
64	63	fixed-reference-same-count-replace	26	523926	0000000000000040
65	64	fixed-reference-same-count-replace	26	523926	0000000000000041
66	65	fixed-reference-same-count-replace	26	523926	0000000000000042
67	66	fixed-reference-same-count-replace	26	523926	0000000000000043
68	67	fixed-reference-same-count-replace	26	523926	0000000000000044
69	68	fixed-reference-same-count-replace	26	523926	0000000000000045
70	69	fixed-reference-same-count-replace	26	523926	0000000000000046
71	70	fixed-reference-same-count-replace	26	523926	0000000000000047
72	71	fixed-reference-same-count-replace	26	523926	0000000000000048
73	72	fixed-reference-same-count-replace	26	523926	0000000000000049
74	73	fixed-reference-same-count-replace	26	523926	000000000000004a
75	74	fixed-reference-same-count-replace	26	523926	000000000000004b
76	75	fixed-reference-same-count-replace	26	523926	000000000000004c
77	76	fixed-reference-same-count-replace	26	523926	000000000000004d
78	77	fixed-reference-same-count-replace	26	523926	000000000000004e
79	78	fixed-reference-same-count-replace	26	523926	000000000000004f
80	79	fixed-reference-same-count-replace	26	523926	0000000000000050
81	80	fixed-reference-same-count-replace	26	523926	0000000000000051
82	81	fixed-reference-same-count-replace	26	523926	0000000000000052
83	82	fixed-reference-same-count-replace	26	523926	0000000000000053
84	83	fixed-reference-same-count-replace	26	523926	0000000000000054
85	84	fixed-reference-same-count-replace	26	523926	0000000000000055
86	85	fixed-reference-same-count-replace	26	523926	0000000000000056
87	86	fixed-reference-same-count-replace	26	523926	0000000000000057
88	87	fixed-reference-same-count-replace	26	523926	0000000000000058
89	88	fixed-reference-same-count-replace	26	523926	0000000000000059
90	89	fixed-reference-same-count-replace	26	523926	000000000000005a
91	90	fixed-reference-same-count-replace	26	523926	000000000000005b
92	91	fixed-reference-same-count-replace	26	523926	000000000000005c
93	92	fixed-reference-same-count-replace	26	523926	000000000000005d
94	93	fixed-reference-same-count-replace	26	523926	000000000000005e
95	94	fixed-reference-same-count-replace	26	523926	000000000000005f
96	95	fixed-reference-same-count-replace	26	523926	0000000000000060
97	96	fixed-reference-same-count-replace	26	523926	0000000000000061
98	97	fixed-reference-same-count-replace	26	523926	0000000000000062
99	98	fixed-reference-same-count-replace	26	523926	0000000000000063
100	99	fixed-reference-same-count-replace	26	523926	0000000000000064
101	100	fixed-reference-same-count-replace	26	523926	0000000000000065
102	101	fixed-reference-same-count-replace	26	523926	0000000000000066
103	102	fixed-reference-same-count-replace	26	523926	0000000000000067
104	103	fixed-reference-same-count-replace	26	523926	0000000000000068
105	104	fixed-reference-same-count-replace	26	523926	0000000000000069
106	105	fixed-reference-same-count-replace	26	523926	000000000000006a
107	106	fixed-reference-same-count-replace	26	523926	000000000000006b
108	107	fixed-reference-same-count-replace	26	523926	000000000000006c
109	108	fixed-reference-same-count-replace	26	523926	000000000000006d
110	109	fixed-reference-same-count-replace	26	523926	000000000000006e
111	110	fixed-reference-same-count-replace	26	523926	000000000000006f
112	111	fixed-reference-same-count-replace	26	523926	0000000000000070
113	112	fixed-reference-same-count-replace	26	523926	0000000000000071
114	113	fixed-reference-same-count-replace	26	523926	0000000000000072
115	114	fixed-reference-same-count-replace	26	523926	0000000000000073
116	115	fixed-reference-same-count-replace	26	523926	0000000000000074
117	116	fixed-reference-same-count-replace	26	523926	0000000000000075
118	117	fixed-reference-same-count-replace	26	523926	0000000000000076
119	118	fixed-reference-same-count-replace	26	523926	0000000000000077
120	119	fixed-reference-same-count-replace	26	523926	0000000000000078
121	120	fixed-reference-same-count-replace	26	523926	0000000000000079
122	121	fixed-reference-same-count-replace	26	523926	000000000000007a
123	122	fixed-reference-same-count-replace	26	523926	000000000000007b
124	123	fixed-reference-same-count-replace	26	523926	000000000000007c
125	124	fixed-reference-same-count-replace	26	523926	000000000000007d
126	125	fixed-reference-same-count-replace	26	523926	000000000000007e
127	126	fixed-reference-same-count-replace	26	523926	000000000000007f
128	127	fixed-reference-same-count-replace	26	523926	0000000000000080
129	128	fixed-reference-same-count-replace	26	523926	0000000000000081
130	129	fixed-reference-same-count-replace	26	523926	0000000000000082
131	130	fixed-reference-same-count-replace	26	523926	0000000000000083
132	131	fixed-reference-same-count-replace	26	523926	0000000000000084
133	132	fixed-reference-same-count-replace	26	523926	0000000000000085
134	133	fixed-reference-same-count-replace	26	523926	0000000000000086
135	134	fixed-reference-same-count-replace	26	523926	0000000000000087
136	135	fixed-reference-same-count-replace	26	523926	0000000000000088
137	136	fixed-reference-same-count-replace	26	523926	0000000000000089
138	137	fixed-reference-same-count-replace	26	523926	000000000000008a
139	138	fixed-reference-same-count-replace	26	523926	000000000000008b
140	139	fixed-reference-same-count-replace	26	523926	000000000000008c
141	140	fixed-reference-same-count-replace	26	523926	000000000000008d
142	141	fixed-reference-same-count-replace	26	523926	000000000000008e
143	142	fixed-reference-same-count-replace	26	523926	000000000000008f
144	143	fixed-reference-same-count-replace	26	523926	0000000000000090
145	144	fixed-reference-same-count-replace	26	523926	0000000000000091
146	145	fixed-reference-same-count-replace	26	523926	0000000000000092
147	146	fixed-reference-same-count-replace	26	523926	0000000000000093
148	147	fixed-reference-same-count-replace	26	523926	0000000000000094
149	148	fixed-reference-same-count-replace	26	523926	0000000000000095
150	149	fixed-reference-same-count-replace	26	523926	0000000000000096
151	150	fixed-reference-same-count-replace	26	523926	0000000000000097
152	151	fixed-reference-same-count-replace	26	523926	0000000000000098
153	152	fixed-reference-same-count-replace	26	523926	0000000000000099
154	153	fixed-reference-same-count-replace	26	523926	000000000000009a
155	154	fixed-reference-same-count-replace	26	523926	000000000000009b
156	155	fixed-reference-same-count-replace	26	523926	000000000000009c
157	156	fixed-reference-same-count-replace	26	523926	000000000000009d
158	157	fixed-reference-same-count-replace	26	523926	000000000000009e
159	158	fixed-reference-same-count-replace	26	523926	000000000000009f
160	159	fixed-reference-same-count-replace	26	523926	00000000000000a0
161	160	fixed-reference-same-count-replace	26	523926	00000000000000a1
162	161	fixed-reference-same-count-replace	26	523926	00000000000000a2
163	162	fixed-reference-same-count-replace	26	523926	00000000000000a3
164	163	fixed-reference-same-count-replace	26	523926	00000000000000a4
165	164	fixed-reference-same-count-replace	26	523926	00000000000000a5
166	165	fixed-reference-same-count-replace	26	523926	00000000000000a6
167	166	fixed-reference-same-count-replace	26	523926	00000000000000a7
168	167	fixed-reference-same-count-replace	26	523926	00000000000000a8
169	168	fixed-reference-same-count-replace	26	523926	00000000000000a9
170	169	fixed-reference-same-count-replace	26	523926	00000000000000aa
171	170	fixed-reference-same-count-replace	26	523926	00000000000000ab
172	171	fixed-reference-same-count-replace	26	523926	00000000000000ac
173	172	fixed-reference-same-count-replace	26	523926	00000000000000ad
174	173	fixed-reference-same-count-replace	26	523926	00000000000000ae
175	174	fixed-reference-same-count-replace	26	523926	00000000000000af
176	175	fixed-reference-same-count-replace	26	523926	00000000000000b0
177	176	fixed-reference-same-count-replace	26	523926	00000000000000b1
178	177	fixed-reference-same-count-replace	26	523926	00000000000000b2
179	178	fixed-reference-same-count-replace	26	523926	00000000000000b3
180	179	fixed-reference-same-count-replace	26	523926	00000000000000b4
181	180	fixed-reference-same-count-replace	26	523926	00000000000000b5
182	181	fixed-reference-same-count-replace	26	523926	00000000000000b6
183	182	fixed-reference-same-count-replace	26	523926	00000000000000b7
184	183	fixed-reference-same-count-replace	26	523926	00000000000000b8
185	184	fixed-reference-same-count-replace	26	523926	00000000000000b9
186	185	fixed-reference-same-count-replace	26	523926	00000000000000ba
187	186	fixed-reference-same-count-replace	26	523926	00000000000000bb
188	187	fixed-reference-same-count-replace	26	523926	00000000000000bc
189	188	fixed-reference-same-count-replace	26	523926	00000000000000bd
190	189	fixed-reference-same-count-replace	26	523926	00000000000000be
191	190	fixed-reference-same-count-replace	26	523926	00000000000000bf
192	191	fixed-reference-same-count-replace	26	523926	00000000000000c0
193	192	fixed-reference-same-count-replace	26	523926	00000000000000c1
194	193	fixed-reference-same-count-replace	26	523926	00000000000000c2
195	194	fixed-reference-same-count-replace	26	523926	00000000000000c3
196	195	fixed-reference-same-count-replace	26	523926	00000000000000c4
197	196	fixed-reference-same-count-replace	26	523926	00000000000000c5
198	197	fixed-reference-same-count-replace	26	523926	00000000000000c6
199	198	fixed-reference-same-count-replace	26	523926	00000000000000c7
200	199	fixed-reference-same-count-replace	26	523926	00000000000000c8
201	200	fixed-reference-same-count-replace	26	523926	00000000000000c9
202	201	fixed-reference-same-count-replace	26	523926	00000000000000ca
203	202	fixed-reference-same-count-replace	26	523926	00000000000000cb
204	203	fixed-reference-same-count-replace	26	523926	00000000000000cc
205	204	fixed-reference-same-count-replace	26	523926	00000000000000cd
206	205	fixed-reference-same-count-replace	26	523926	00000000000000ce
207	206	fixed-reference-same-count-replace	26	523926	00000000000000cf
208	207	fixed-reference-same-count-replace	26	523926	00000000000000d0
209	208	fixed-reference-same-count-replace	26	523926	00000000000000d1
210	209	fixed-reference-same-count-replace	26	523926	00000000000000d2
211	210	fixed-reference-same-count-replace	26	523926	00000000000000d3
212	211	fixed-reference-same-count-replace	26	523926	00000000000000d4
213	212	fixed-reference-same-count-replace	26	523926	00000000000000d5
214	213	fixed-reference-same-count-replace	26	523926	00000000000000d6
215	214	fixed-reference-same-count-replace	26	523926	00000000000000d7
216	215	fixed-reference-same-count-replace	26	523926	00000000000000d8
217	216	fixed-reference-same-count-replace	26	523926	00000000000000d9
218	217	fixed-reference-same-count-replace	26	523926	00000000000000da
219	218	fixed-reference-same-count-replace	26	523926	00000000000000db
220	219	fixed-reference-same-count-replace	26	523926	00000000000000dc
221	220	fixed-reference-same-count-replace	26	523926	00000000000000dd
222	221	fixed-reference-same-count-replace	26	523926	00000000000000de
223	222	fixed-reference-same-count-replace	26	523926	00000000000000df
224	223	fixed-reference-same-count-replace	26	523926	00000000000000e0
225	224	fixed-reference-same-count-replace	26	523926	00000000000000e1
226	225	fixed-reference-same-count-replace	26	523926	00000000000000e2
227	226	fixed-reference-same-count-replace	26	523926	00000000000000e3
228	227	fixed-reference-same-count-replace	26	523926	00000000000000e4
229	228	fixed-reference-same-count-replace	26	523926	00000000000000e5
230	229	fixed-reference-same-count-replace	26	523926	00000000000000e6
231	230	fixed-reference-same-count-replace	26	523926	00000000000000e7
232	231	fixed-reference-same-count-replace	26	523926	00000000000000e8
233	232	fixed-reference-same-count-replace	26	523926	00000000000000e9
234	233	fixed-reference-same-count-replace	26	523926	00000000000000ea
235	234	fixed-reference-same-count-replace	26	523926	00000000000000eb
236	235	fixed-reference-same-count-replace	26	523926	00000000000000ec
237	236	fixed-reference-same-count-replace	26	523926	00000000000000ed
238	237	fixed-reference-same-count-replace	26	523926	00000000000000ee
239	238	fixed-reference-same-count-replace	26	523926	00000000000000ef
240	239	fixed-reference-same-count-replace	26	523926	00000000000000f0
241	240	fixed-reference-same-count-replace	26	523926	00000000000000f1
242	241	fixed-reference-same-count-replace	26	523926	00000000000000f2
243	242	fixed-reference-same-count-replace	26	523926	00000000000000f3
244	243	fixed-reference-same-count-replace	26	523926	00000000000000f4
245	244	fixed-reference-same-count-replace	26	523926	00000000000000f5
246	245	fixed-reference-same-count-replace	26	523926	00000000000000f6
247	246	fixed-reference-same-count-replace	26	523926	00000000000000f7
248	247	fixed-reference-same-count-replace	26	523926	00000000000000f8
249	248	fixed-reference-same-count-replace	26	523926	00000000000000f9
250	249	fixed-reference-same-count-replace	26	523926	00000000000000fa
251	250	fixed-reference-same-count-replace	26	523926	00000000000000fb
252	251	fixed-reference-same-count-replace	26	523926	00000000000000fc
253	252	fixed-reference-same-count-replace	26	523926	00000000000000fd
254	253	fixed-reference-same-count-replace	26	523926	00000000000000fe
255	254	fixed-reference-same-count-replace	26	523926	00000000000000ff
256	255	fixed-reference-same-count-replace	26	523926	0000000000000100
257	256	fixed-reference-same-count-replace	26	523926	0000000000000101
258	257	fixed-reference-same-count-replace	26	523926	0000000000000102
259	258	fixed-reference-same-count-replace	26	523926	0000000000000103
260	259	fixed-reference-same-count-replace	26	523926	0000000000000104
261	260	fixed-reference-same-count-replace	26	523926	0000000000000105
262	261	fixed-reference-same-count-replace	26	523926	0000000000000106
263	262	fixed-reference-same-count-replace	26	523926	0000000000000107
264	263	fixed-reference-same-count-replace	26	523926	0000000000000108
265	264	fixed-reference-same-count-replace	26	523926	0000000000000109
266	265	fixed-reference-same-count-replace	26	523926	000000000000010a
267	266	fixed-reference-same-count-replace	26	523926	000000000000010b
268	267	fixed-reference-same-count-replace	26	523926	000000000000010c
269	268	fixed-reference-same-count-replace	26	523926	000000000000010d
270	269	fixed-reference-same-count-replace	26	523926	000000000000010e
271	270	fixed-reference-same-count-replace	26	523926	000000000000010f
272	271	fixed-reference-same-count-replace	26	523926	0000000000000110
273	272	fixed-reference-same-count-replace	26	523926	0000000000000111
274	273	fixed-reference-same-count-replace	26	523926	0000000000000112
275	274	fixed-reference-same-count-replace	26	523926	0000000000000113
276	275	fixed-reference-same-count-replace	26	523926	0000000000000114
277	276	fixed-reference-same-count-replace	26	523926	0000000000000115
278	277	fixed-reference-same-count-replace	26	523926	0000000000000116
279	278	fixed-reference-same-count-replace	26	523926	0000000000000117
280	279	fixed-reference-same-count-replace	26	523926	0000000000000118
281	280	fixed-reference-same-count-replace	26	523926	0000000000000119
282	281	fixed-reference-same-count-replace	26	523926	000000000000011a
283	282	fixed-reference-same-count-replace	26	523926	000000000000011b
284	283	fixed-reference-same-count-replace	26	523926	000000000000011c
285	284	fixed-reference-same-count-replace	26	523926	000000000000011d
286	285	fixed-reference-same-count-replace	26	523926	000000000000011e
287	286	fixed-reference-same-count-replace	26	523926	000000000000011f
288	287	fixed-reference-same-count-replace	26	523926	0000000000000120
289	288	fixed-reference-same-count-replace	26	523926	0000000000000121
290	289	fixed-reference-same-count-replace	26	523926	0000000000000122
291	290	fixed-reference-same-count-replace	26	523926	0000000000000123
292	291	fixed-reference-same-count-replace	26	523926	0000000000000124
293	292	fixed-reference-same-count-replace	26	523926	0000000000000125
294	293	fixed-reference-same-count-replace	26	523926	0000000000000126
295	294	fixed-reference-same-count-replace	26	523926	0000000000000127
296	295	fixed-reference-same-count-replace	26	523926	0000000000000128
297	296	fixed-reference-same-count-replace	26	523926	0000000000000129
298	297	fixed-reference-same-count-replace	26	523926	000000000000012a
299	298	fixed-reference-same-count-replace	26	523926	000000000000012b
300	299	fixed-reference-same-count-replace	26	523926	000000000000012c
301	300	fixed-reference-same-count-replace	26	523926	000000000000012d
302	301	fixed-reference-same-count-replace	26	523926	000000000000012e
303	302	fixed-reference-same-count-replace	26	523926	000000000000012f
304	303	fixed-reference-same-count-replace	26	523926	0000000000000130
305	304	fixed-reference-same-count-replace	26	523926	0000000000000131
306	305	fixed-reference-same-count-replace	26	523926	0000000000000132
307	306	fixed-reference-same-count-replace	26	523926	0000000000000133
308	307	fixed-reference-same-count-replace	26	523926	0000000000000134
309	308	fixed-reference-same-count-replace	26	523926	0000000000000135
310	309	fixed-reference-same-count-replace	26	523926	0000000000000136
311	310	fixed-reference-same-count-replace	26	523926	0000000000000137
312	311	fixed-reference-same-count-replace	26	523926	0000000000000138
313	312	fixed-reference-same-count-replace	26	523926	0000000000000139
314	313	fixed-reference-same-count-replace	26	523926	000000000000013a
315	314	fixed-reference-same-count-replace	26	523926	000000000000013b
316	315	fixed-reference-same-count-replace	26	523926	000000000000013c
317	316	fixed-reference-same-count-replace	26	523926	000000000000013d
318	317	fixed-reference-same-count-replace	26	523926	000000000000013e
319	318	fixed-reference-same-count-replace	26	523926	000000000000013f
320	319	fixed-reference-same-count-replace	26	523926	0000000000000140
321	320	fixed-reference-same-count-replace	26	523926	0000000000000141
322	321	fixed-reference-same-count-replace	26	523926	0000000000000142
323	322	fixed-reference-same-count-replace	26	523926	0000000000000143
324	323	fixed-reference-same-count-replace	26	523926	0000000000000144
325	324	fixed-reference-same-count-replace	26	523926	0000000000000145
326	325	fixed-reference-same-count-replace	26	523926	0000000000000146
327	326	fixed-reference-same-count-replace	26	523926	0000000000000147
328	327	fixed-reference-same-count-replace	26	523926	0000000000000148
329	328	fixed-reference-same-count-replace	26	523926	0000000000000149
330	329	fixed-reference-same-count-replace	26	523926	000000000000014a
331	330	fixed-reference-same-count-replace	26	523926	000000000000014b
332	331	fixed-reference-same-count-replace	26	523926	000000000000014c
333	332	fixed-reference-same-count-replace	26	523926	000000000000014d
334	333	fixed-reference-same-count-replace	26	523926	000000000000014e
335	334	fixed-reference-same-count-replace	26	523926	000000000000014f
336	335	fixed-reference-same-count-replace	26	523926	0000000000000150
337	336	fixed-reference-same-count-replace	26	523926	0000000000000151
338	337	fixed-reference-same-count-replace	26	523926	0000000000000152
339	338	fixed-reference-same-count-replace	26	523926	0000000000000153
340	339	fixed-reference-same-count-replace	26	523926	0000000000000154
341	340	fixed-reference-same-count-replace	26	523926	0000000000000155
342	341	fixed-reference-same-count-replace	26	523926	0000000000000156
343	342	fixed-reference-same-count-replace	26	523926	0000000000000157
344	343	fixed-reference-same-count-replace	26	523926	0000000000000158
345	344	fixed-reference-same-count-replace	26	523926	0000000000000159
346	345	fixed-reference-same-count-replace	26	523926	000000000000015a
347	346	fixed-reference-same-count-replace	26	523926	000000000000015b
348	347	fixed-reference-same-count-replace	26	523926	000000000000015c
349	348	fixed-reference-same-count-replace	26	523926	000000000000015d
350	349	fixed-reference-same-count-replace	26	523926	000000000000015e
351	350	fixed-reference-same-count-replace	26	523926	000000000000015f
352	351	fixed-reference-same-count-replace	26	523926	0000000000000160
353	352	fixed-reference-same-count-replace	26	523926	0000000000000161
354	353	fixed-reference-same-count-replace	26	523926	0000000000000162
355	354	fixed-reference-same-count-replace	26	523926	0000000000000163
356	355	fixed-reference-same-count-replace	26	523926	0000000000000164
357	356	fixed-reference-same-count-replace	26	523926	0000000000000165
358	357	fixed-reference-same-count-replace	26	523926	0000000000000166
359	358	fixed-reference-same-count-replace	26	523926	0000000000000167
360	359	fixed-reference-same-count-replace	26	523926	0000000000000168
361	360	fixed-reference-same-count-replace	26	523926	0000000000000169
362	361	fixed-reference-same-count-replace	26	523926	000000000000016a
363	362	fixed-reference-same-count-replace	26	523926	000000000000016b
364	363	fixed-reference-same-count-replace	26	523926	000000000000016c
365	364	fixed-reference-same-count-replace	26	523926	000000000000016d
366	365	fixed-reference-same-count-replace	26	523926	000000000000016e
367	366	fixed-reference-same-count-replace	26	523926	000000000000016f
368	367	fixed-reference-same-count-replace	26	523926	0000000000000170
369	368	fixed-reference-same-count-replace	26	523926	0000000000000171
370	369	fixed-reference-same-count-replace	26	523926	0000000000000172
371	370	fixed-reference-same-count-replace	26	523926	0000000000000173
372	371	fixed-reference-same-count-replace	26	523926	0000000000000174
373	372	fixed-reference-same-count-replace	26	523926	0000000000000175
374	373	fixed-reference-same-count-replace	26	523926	0000000000000176
375	374	fixed-reference-same-count-replace	26	523926	0000000000000177
376	375	fixed-reference-same-count-replace	26	523926	0000000000000178
377	376	fixed-reference-same-count-replace	26	523926	0000000000000179
378	377	fixed-reference-same-count-replace	26	523926	000000000000017a
379	378	fixed-reference-same-count-replace	26	523926	000000000000017b
380	379	fixed-reference-same-count-replace	26	523926	000000000000017c
381	380	fixed-reference-same-count-replace	26	523926	000000000000017d
382	381	fixed-reference-same-count-replace	26	523926	000000000000017e
383	382	fixed-reference-same-count-replace	26	523926	000000000000017f
384	383	fixed-reference-same-count-replace	26	523926	0000000000000180
385	384	fixed-reference-same-count-replace	26	523926	0000000000000181
386	385	fixed-reference-same-count-replace	26	523926	0000000000000182
387	386	fixed-reference-same-count-replace	26	523926	0000000000000183
388	387	fixed-reference-same-count-replace	26	523926	0000000000000184
389	388	fixed-reference-same-count-replace	26	523926	0000000000000185
390	389	fixed-reference-same-count-replace	26	523926	0000000000000186
391	390	fixed-reference-same-count-replace	26	523926	0000000000000187
392	391	fixed-reference-same-count-replace	26	523926	0000000000000188
393	392	fixed-reference-same-count-replace	26	523926	0000000000000189
394	393	fixed-reference-same-count-replace	26	523926	000000000000018a
395	394	fixed-reference-same-count-replace	26	523926	000000000000018b
396	395	fixed-reference-same-count-replace	26	523926	000000000000018c
397	396	fixed-reference-same-count-replace	26	523926	000000000000018d
398	397	fixed-reference-same-count-replace	26	523926	000000000000018e
399	398	fixed-reference-same-count-replace	26	523926	000000000000018f
400	399	fixed-reference-same-count-replace	26	523926	0000000000000190
401	400	fixed-reference-same-count-replace	26	523926	0000000000000191
402	401	fixed-reference-same-count-replace	26	523926	0000000000000192
403	402	fixed-reference-same-count-replace	26	523926	0000000000000193
404	403	fixed-reference-same-count-replace	26	523926	0000000000000194
405	404	fixed-reference-same-count-replace	26	523926	0000000000000195
406	405	fixed-reference-same-count-replace	26	523926	0000000000000196
407	406	fixed-reference-same-count-replace	26	523926	0000000000000197
408	407	fixed-reference-same-count-replace	26	523926	0000000000000198
409	408	fixed-reference-same-count-replace	26	523926	0000000000000199
410	409	fixed-reference-same-count-replace	26	523926	000000000000019a
411	410	fixed-reference-same-count-replace	26	523926	000000000000019b
412	411	fixed-reference-same-count-replace	26	523926	000000000000019c
413	412	fixed-reference-same-count-replace	26	523926	000000000000019d
414	413	fixed-reference-same-count-replace	26	523926	000000000000019e
415	414	fixed-reference-same-count-replace	26	523926	000000000000019f
416	415	fixed-reference-same-count-replace	26	523926	00000000000001a0
417	416	fixed-reference-same-count-replace	26	523926	00000000000001a1
418	417	fixed-reference-same-count-replace	26	523926	00000000000001a2
419	418	fixed-reference-same-count-replace	26	523926	00000000000001a3
420	419	fixed-reference-same-count-replace	26	523926	00000000000001a4
421	420	fixed-reference-same-count-replace	26	523926	00000000000001a5
422	421	fixed-reference-same-count-replace	26	523926	00000000000001a6
423	422	fixed-reference-same-count-replace	26	523926	00000000000001a7
424	423	fixed-reference-same-count-replace	26	523926	00000000000001a8
425	424	fixed-reference-same-count-replace	26	523926	00000000000001a9
426	425	fixed-reference-same-count-replace	26	523926	00000000000001aa
427	426	fixed-reference-same-count-replace	26	523926	00000000000001ab
428	427	fixed-reference-same-count-replace	26	523926	00000000000001ac
429	428	fixed-reference-same-count-replace	26	523926	00000000000001ad
430	429	fixed-reference-same-count-replace	26	523926	00000000000001ae
431	430	fixed-reference-same-count-replace	26	523926	00000000000001af
432	431	fixed-reference-same-count-replace	26	523926	00000000000001b0
433	432	fixed-reference-same-count-replace	26	523926	00000000000001b1
434	433	fixed-reference-same-count-replace	26	523926	00000000000001b2
435	434	fixed-reference-same-count-replace	26	523926	00000000000001b3
436	435	fixed-reference-same-count-replace	26	523926	00000000000001b4
437	436	fixed-reference-same-count-replace	26	523926	00000000000001b5
438	437	fixed-reference-same-count-replace	26	523926	00000000000001b6
439	438	fixed-reference-same-count-replace	26	523926	00000000000001b7
440	439	fixed-reference-same-count-replace	26	523926	00000000000001b8
441	440	fixed-reference-same-count-replace	26	523926	00000000000001b9
442	441	fixed-reference-same-count-replace	26	523926	00000000000001ba
443	442	fixed-reference-same-count-replace	26	523926	00000000000001bb
444	443	fixed-reference-same-count-replace	26	523926	00000000000001bc
445	444	fixed-reference-same-count-replace	26	523926	00000000000001bd
446	445	fixed-reference-same-count-replace	26	523926	00000000000001be
447	446	fixed-reference-same-count-replace	26	523926	00000000000001bf
448	447	fixed-reference-same-count-replace	26	523926	00000000000001c0
449	448	fixed-reference-same-count-replace	26	523926	00000000000001c1
450	449	fixed-reference-same-count-replace	26	523926	00000000000001c2
451	450	fixed-reference-same-count-replace	26	523926	00000000000001c3
452	451	fixed-reference-same-count-replace	26	523926	00000000000001c4
453	452	fixed-reference-same-count-replace	26	523926	00000000000001c5
454	453	fixed-reference-same-count-replace	26	523926	00000000000001c6
455	454	fixed-reference-same-count-replace	26	523926	00000000000001c7
456	455	fixed-reference-same-count-replace	26	523926	00000000000001c8
457	456	fixed-reference-same-count-replace	26	523926	00000000000001c9
458	457	fixed-reference-same-count-replace	26	523926	00000000000001ca
459	458	fixed-reference-same-count-replace	26	523926	00000000000001cb
460	459	fixed-reference-same-count-replace	26	523926	00000000000001cc
461	460	fixed-reference-same-count-replace	26	523926	00000000000001cd
462	461	fixed-reference-same-count-replace	26	523926	00000000000001ce
463	462	fixed-reference-same-count-replace	26	523926	00000000000001cf
464	463	fixed-reference-same-count-replace	26	523926	00000000000001d0
465	464	fixed-reference-same-count-replace	26	523926	00000000000001d1
466	465	fixed-reference-same-count-replace	26	523926	00000000000001d2
467	466	fixed-reference-same-count-replace	26	523926	00000000000001d3
468	467	fixed-reference-same-count-replace	26	523926	00000000000001d4
469	468	fixed-reference-same-count-replace	26	523926	00000000000001d5
470	469	fixed-reference-same-count-replace	26	523926	00000000000001d6
471	470	fixed-reference-same-count-replace	26	523926	00000000000001d7
472	471	fixed-reference-same-count-replace	26	523926	00000000000001d8
473	472	fixed-reference-same-count-replace	26	523926	00000000000001d9
474	473	fixed-reference-same-count-replace	26	523926	00000000000001da
475	474	fixed-reference-same-count-replace	26	523926	00000000000001db
476	475	fixed-reference-same-count-replace	26	523926	00000000000001dc
477	476	fixed-reference-same-count-replace	26	523926	00000000000001dd
478	477	fixed-reference-same-count-replace	26	523926	00000000000001de
479	478	fixed-reference-same-count-replace	26	523926	00000000000001df
480	479	fixed-reference-same-count-replace	26	523926	00000000000001e0
481	480	fixed-reference-same-count-replace	26	523926	00000000000001e1
482	481	fixed-reference-same-count-replace	26	523926	00000000000001e2
483	482	fixed-reference-same-count-replace	26	523926	00000000000001e3
484	483	fixed-reference-same-count-replace	26	523926	00000000000001e4
485	484	fixed-reference-same-count-replace	26	523926	00000000000001e5
486	485	fixed-reference-same-count-replace	26	523926	00000000000001e6
487	486	fixed-reference-same-count-replace	26	523926	00000000000001e7
488	487	fixed-reference-same-count-replace	26	523926	00000000000001e8
489	488	fixed-reference-same-count-replace	26	523926	00000000000001e9
490	489	fixed-reference-same-count-replace	26	523926	00000000000001ea
491	490	fixed-reference-same-count-replace	26	523926	00000000000001eb
492	491	fixed-reference-same-count-replace	26	523926	00000000000001ec
493	492	fixed-reference-same-count-replace	26	523926	00000000000001ed
494	493	fixed-reference-same-count-replace	26	523926	00000000000001ee
495	494	fixed-reference-same-count-replace	26	523926	00000000000001ef
496	495	fixed-reference-same-count-replace	26	523926	00000000000001f0
497	496	fixed-reference-same-count-replace	26	523926	00000000000001f1
498	497	fixed-reference-same-count-replace	26	523926	00000000000001f2
499	498	fixed-reference-same-count-replace	26	523926	00000000000001f3
500	499	fixed-reference-same-count-replace	26	523926	00000000000001f4
501	500	fixed-reference-same-count-replace	26	523926	00000000000001f5
502	501	fixed-reference-same-count-replace	26	523926	00000000000001f6
503	502	fixed-reference-same-count-replace	26	523926	00000000000001f7
504	503	fixed-reference-same-count-replace	26	523926	00000000000001f8
505	504	fixed-reference-same-count-replace	26	523926	00000000000001f9
506	505	fixed-reference-same-count-replace	26	523926	00000000000001fa
507	506	fixed-reference-same-count-replace	26	523926	00000000000001fb
508	507	fixed-reference-same-count-replace	26	523926	00000000000001fc
509	508	fixed-reference-same-count-replace	26	523926	00000000000001fd
510	509	fixed-reference-same-count-replace	26	523926	00000000000001fe
511	510	fixed-reference-same-count-replace	26	523926	00000000000001ff
512	511	fixed-reference-same-count-replace	26	523926	0000000000000200
513	512	fixed-reference-same-count-replace	26	523926	0000000000000201
514	513	fixed-reference-same-count-replace	26	523926	0000000000000202
515	514	fixed-reference-same-count-replace	26	523926	0000000000000203
516	515	fixed-reference-same-count-replace	26	523926	0000000000000204
517	516	fixed-reference-same-count-replace	26	523926	0000000000000205
518	517	fixed-reference-same-count-replace	26	523926	0000000000000206
519	518	fixed-reference-same-count-replace	26	523926	0000000000000207
520	519	fixed-reference-same-count-replace	26	523926	0000000000000208
521	520	fixed-reference-same-count-replace	26	523926	0000000000000209
522	521	fixed-reference-same-count-replace	26	523926	000000000000020a
523	522	fixed-reference-same-count-replace	26	523926	000000000000020b
524	523	fixed-reference-same-count-replace	26	523926	000000000000020c
525	524	fixed-reference-same-count-replace	26	523926	000000000000020d
526	525	fixed-reference-same-count-replace	26	523926	000000000000020e
527	526	fixed-reference-same-count-replace	26	523926	000000000000020f
528	527	fixed-reference-same-count-replace	26	523926	0000000000000210
529	528	fixed-reference-same-count-replace	26	523926	0000000000000211
530	529	fixed-reference-same-count-replace	26	523926	0000000000000212
531	530	fixed-reference-same-count-replace	26	523926	0000000000000213
532	531	fixed-reference-same-count-replace	26	523926	0000000000000214
533	532	fixed-reference-same-count-replace	26	523926	0000000000000215
534	533	fixed-reference-same-count-replace	26	523926	0000000000000216
535	534	fixed-reference-same-count-replace	26	523926	0000000000000217
536	535	fixed-reference-same-count-replace	26	523926	0000000000000218
537	536	fixed-reference-same-count-replace	26	523926	0000000000000219
538	537	fixed-reference-same-count-replace	26	523926	000000000000021a
539	538	fixed-reference-same-count-replace	26	523926	000000000000021b
540	539	fixed-reference-same-count-replace	26	523926	000000000000021c
541	540	fixed-reference-same-count-replace	26	523926	000000000000021d
542	541	fixed-reference-same-count-replace	26	523926	000000000000021e
543	542	fixed-reference-same-count-replace	26	523926	000000000000021f
544	543	fixed-reference-same-count-replace	26	523926	0000000000000220
545	544	fixed-reference-same-count-replace	26	523926	0000000000000221
546	545	fixed-reference-same-count-replace	26	523926	0000000000000222
547	546	fixed-reference-same-count-replace	26	523926	0000000000000223
548	547	fixed-reference-same-count-replace	26	523926	0000000000000224
549	548	fixed-reference-same-count-replace	26	523926	0000000000000225
550	549	fixed-reference-same-count-replace	26	523926	0000000000000226
551	550	fixed-reference-same-count-replace	26	523926	0000000000000227
552	551	fixed-reference-same-count-replace	26	523926	0000000000000228
553	552	fixed-reference-same-count-replace	26	523926	0000000000000229
554	553	fixed-reference-same-count-replace	26	523926	000000000000022a
555	554	fixed-reference-same-count-replace	26	523926	000000000000022b
556	555	fixed-reference-same-count-replace	26	523926	000000000000022c
557	556	fixed-reference-same-count-replace	26	523926	000000000000022d
558	557	fixed-reference-same-count-replace	26	523926	000000000000022e
559	558	fixed-reference-same-count-replace	26	523926	000000000000022f
560	559	fixed-reference-same-count-replace	26	523926	0000000000000230
561	560	fixed-reference-same-count-replace	26	523926	0000000000000231
562	561	fixed-reference-same-count-replace	26	523926	0000000000000232
563	562	fixed-reference-same-count-replace	26	523926	0000000000000233
564	563	fixed-reference-same-count-replace	26	523926	0000000000000234
565	564	fixed-reference-same-count-replace	26	523926	0000000000000235
566	565	fixed-reference-same-count-replace	26	523926	0000000000000236
567	566	fixed-reference-same-count-replace	26	523926	0000000000000237
568	567	fixed-reference-same-count-replace	26	523926	0000000000000238
569	568	fixed-reference-same-count-replace	26	523926	0000000000000239
570	569	fixed-reference-same-count-replace	26	523926	000000000000023a
571	570	fixed-reference-same-count-replace	26	523926	000000000000023b
572	571	fixed-reference-same-count-replace	26	523926	000000000000023c
573	572	fixed-reference-same-count-replace	26	523926	000000000000023d
574	573	fixed-reference-same-count-replace	26	523926	000000000000023e
575	574	fixed-reference-same-count-replace	26	523926	000000000000023f
576	575	fixed-reference-same-count-replace	26	523926	0000000000000240
577	576	fixed-reference-same-count-replace	26	523926	0000000000000241
578	577	fixed-reference-same-count-replace	26	523926	0000000000000242
579	578	fixed-reference-same-count-replace	26	523926	0000000000000243
580	579	fixed-reference-same-count-replace	26	523926	0000000000000244
581	580	fixed-reference-same-count-replace	26	523926	0000000000000245
582	581	fixed-reference-same-count-replace	26	523926	0000000000000246
583	582	fixed-reference-same-count-replace	26	523926	0000000000000247
584	583	fixed-reference-same-count-replace	26	523926	0000000000000248
585	584	fixed-reference-same-count-replace	26	523926	0000000000000249
586	585	fixed-reference-same-count-replace	26	523926	000000000000024a
587	586	fixed-reference-same-count-replace	26	523926	000000000000024b
588	587	fixed-reference-same-count-replace	26	523926	000000000000024c
589	588	fixed-reference-same-count-replace	26	523926	000000000000024d
590	589	fixed-reference-same-count-replace	26	523926	000000000000024e
591	590	fixed-reference-same-count-replace	26	523926	000000000000024f
592	591	fixed-reference-same-count-replace	26	523926	0000000000000250
593	592	fixed-reference-same-count-replace	26	523926	0000000000000251
594	593	fixed-reference-same-count-replace	26	523926	0000000000000252
595	594	fixed-reference-same-count-replace	26	523926	0000000000000253
596	595	fixed-reference-same-count-replace	26	523926	0000000000000254
597	596	fixed-reference-same-count-replace	26	523926	0000000000000255
598	597	fixed-reference-same-count-replace	26	523926	0000000000000256
599	598	fixed-reference-same-count-replace	26	523926	0000000000000257
600	599	fixed-reference-same-count-replace	26	523926	0000000000000258
601	600	fixed-reference-same-count-replace	26	523926	0000000000000259
602	601	fixed-reference-same-count-replace	26	523926	000000000000025a
603	602	fixed-reference-same-count-replace	26	523926	000000000000025b
604	603	fixed-reference-same-count-replace	26	523926	000000000000025c
605	604	fixed-reference-same-count-replace	26	523926	000000000000025d
606	605	fixed-reference-same-count-replace	26	523926	000000000000025e
607	606	fixed-reference-same-count-replace	26	523926	000000000000025f
608	607	fixed-reference-same-count-replace	26	523926	0000000000000260
609	608	fixed-reference-same-count-replace	26	523926	0000000000000261
610	609	fixed-reference-same-count-replace	26	523926	0000000000000262
611	610	fixed-reference-same-count-replace	26	523926	0000000000000263
612	611	fixed-reference-same-count-replace	26	523926	0000000000000264
613	612	fixed-reference-same-count-replace	26	523926	0000000000000265
614	613	fixed-reference-same-count-replace	26	523926	0000000000000266
615	614	fixed-reference-same-count-replace	26	523926	0000000000000267
616	615	fixed-reference-same-count-replace	26	523926	0000000000000268
617	616	fixed-reference-same-count-replace	26	523926	0000000000000269
618	617	fixed-reference-same-count-replace	26	523926	000000000000026a
619	618	fixed-reference-same-count-replace	26	523926	000000000000026b
620	619	fixed-reference-same-count-replace	26	523926	000000000000026c
621	620	fixed-reference-same-count-replace	26	523926	000000000000026d
622	621	fixed-reference-same-count-replace	26	523926	000000000000026e
623	622	fixed-reference-same-count-replace	26	523926	000000000000026f
624	623	fixed-reference-same-count-replace	26	523926	0000000000000270
625	624	fixed-reference-same-count-replace	26	523926	0000000000000271
626	625	fixed-reference-same-count-replace	26	523926	0000000000000272
627	626	fixed-reference-same-count-replace	26	523926	0000000000000273
628	627	fixed-reference-same-count-replace	26	523926	0000000000000274
629	628	fixed-reference-same-count-replace	26	523926	0000000000000275
630	629	fixed-reference-same-count-replace	26	523926	0000000000000276
631	630	fixed-reference-same-count-replace	26	523926	0000000000000277
632	631	fixed-reference-same-count-replace	26	523926	0000000000000278
633	632	fixed-reference-same-count-replace	26	523926	0000000000000279
634	633	fixed-reference-same-count-replace	26	523926	000000000000027a
635	634	fixed-reference-same-count-replace	26	523926	000000000000027b
636	635	fixed-reference-same-count-replace	26	523926	000000000000027c
637	636	fixed-reference-same-count-replace	26	523926	000000000000027d
638	637	fixed-reference-same-count-replace	26	523926	000000000000027e
639	638	fixed-reference-same-count-replace	26	523926	000000000000027f
640	639	fixed-reference-same-count-replace	26	523926	0000000000000280
641	640	fixed-reference-same-count-replace	26	523926	0000000000000281
642	641	fixed-reference-same-count-replace	26	523926	0000000000000282
643	642	fixed-reference-same-count-replace	26	523926	0000000000000283
644	643	fixed-reference-same-count-replace	26	523926	0000000000000284
645	644	fixed-reference-same-count-replace	26	523926	0000000000000285
646	645	fixed-reference-same-count-replace	26	523926	0000000000000286
647	646	fixed-reference-same-count-replace	26	523926	0000000000000287
648	647	fixed-reference-same-count-replace	26	523926	0000000000000288
649	648	fixed-reference-same-count-replace	26	523926	0000000000000289
650	649	fixed-reference-same-count-replace	26	523926	000000000000028a
651	650	fixed-reference-same-count-replace	26	523926	000000000000028b
652	651	fixed-reference-same-count-replace	26	523926	000000000000028c
653	652	fixed-reference-same-count-replace	26	523926	000000000000028d
654	653	fixed-reference-same-count-replace	26	523926	000000000000028e
655	654	fixed-reference-same-count-replace	26	523926	000000000000028f
656	655	fixed-reference-same-count-replace	26	523926	0000000000000290
657	656	fixed-reference-same-count-replace	26	523926	0000000000000291
658	657	fixed-reference-same-count-replace	26	523926	0000000000000292
659	658	fixed-reference-same-count-replace	26	523926	0000000000000293
660	659	fixed-reference-same-count-replace	26	523926	0000000000000294
661	660	fixed-reference-same-count-replace	26	523926	0000000000000295
662	661	fixed-reference-same-count-replace	26	523926	0000000000000296
663	662	fixed-reference-same-count-replace	26	523926	0000000000000297
664	663	fixed-reference-same-count-replace	26	523926	0000000000000298
665	664	fixed-reference-same-count-replace	26	523926	0000000000000299
666	665	fixed-reference-same-count-replace	26	523926	000000000000029a
667	666	fixed-reference-same-count-replace	26	523926	000000000000029b
668	667	fixed-reference-same-count-replace	26	523926	000000000000029c
669	668	fixed-reference-same-count-replace	26	523926	000000000000029d
670	669	fixed-reference-same-count-replace	26	523926	000000000000029e
671	670	fixed-reference-same-count-replace	26	523926	000000000000029f
672	671	fixed-reference-same-count-replace	26	523926	00000000000002a0
673	672	fixed-reference-same-count-replace	26	523926	00000000000002a1
674	673	fixed-reference-same-count-replace	26	523926	00000000000002a2
675	674	fixed-reference-same-count-replace	26	523926	00000000000002a3
676	675	fixed-reference-same-count-replace	26	523926	00000000000002a4
677	676	fixed-reference-same-count-replace	26	523926	00000000000002a5
678	677	fixed-reference-same-count-replace	26	523926	00000000000002a6
679	678	fixed-reference-same-count-replace	26	523926	00000000000002a7
680	679	fixed-reference-same-count-replace	26	523926	00000000000002a8
681	680	fixed-reference-same-count-replace	26	523926	00000000000002a9
682	681	fixed-reference-same-count-replace	26	523926	00000000000002aa
683	682	fixed-reference-same-count-replace	26	523926	00000000000002ab
684	683	fixed-reference-same-count-replace	26	523926	00000000000002ac
685	684	fixed-reference-same-count-replace	26	523926	00000000000002ad
686	685	fixed-reference-same-count-replace	26	523926	00000000000002ae
687	686	fixed-reference-same-count-replace	26	523926	00000000000002af
688	687	fixed-reference-same-count-replace	26	523926	00000000000002b0
689	688	fixed-reference-same-count-replace	26	523926	00000000000002b1
690	689	fixed-reference-same-count-replace	26	523926	00000000000002b2
691	690	fixed-reference-same-count-replace	26	523926	00000000000002b3
692	691	fixed-reference-same-count-replace	26	523926	00000000000002b4
693	692	fixed-reference-same-count-replace	26	523926	00000000000002b5
694	693	fixed-reference-same-count-replace	26	523926	00000000000002b6
695	694	fixed-reference-same-count-replace	26	523926	00000000000002b7
696	695	fixed-reference-same-count-replace	26	523926	00000000000002b8
697	696	fixed-reference-same-count-replace	26	523926	00000000000002b9
698	697	fixed-reference-same-count-replace	26	523926	00000000000002ba
699	698	fixed-reference-same-count-replace	26	523926	00000000000002bb
700	699	fixed-reference-same-count-replace	26	523926	00000000000002bc
701	700	fixed-reference-same-count-replace	26	523926	00000000000002bd
702	701	fixed-reference-same-count-replace	26	523926	00000000000002be
703	702	fixed-reference-same-count-replace	26	523926	00000000000002bf
704	703	fixed-reference-same-count-replace	26	523926	00000000000002c0
705	704	fixed-reference-same-count-replace	26	523926	00000000000002c1
706	705	fixed-reference-same-count-replace	26	523926	00000000000002c2
707	706	fixed-reference-same-count-replace	26	523926	00000000000002c3
708	707	fixed-reference-same-count-replace	26	523926	00000000000002c4
709	708	fixed-reference-same-count-replace	26	523926	00000000000002c5
710	709	fixed-reference-same-count-replace	26	523926	00000000000002c6
711	710	fixed-reference-same-count-replace	26	523926	00000000000002c7
712	711	fixed-reference-same-count-replace	26	523926	00000000000002c8
713	712	fixed-reference-same-count-replace	26	523926	00000000000002c9
714	713	fixed-reference-same-count-replace	26	523926	00000000000002ca
715	714	fixed-reference-same-count-replace	26	523926	00000000000002cb
716	715	fixed-reference-same-count-replace	26	523926	00000000000002cc
717	716	fixed-reference-same-count-replace	26	523926	00000000000002cd
718	717	fixed-reference-same-count-replace	26	523926	00000000000002ce
719	718	fixed-reference-same-count-replace	26	523926	00000000000002cf
720	719	fixed-reference-same-count-replace	26	523926	00000000000002d0
721	720	fixed-reference-same-count-replace	26	523926	00000000000002d1
722	721	fixed-reference-same-count-replace	26	523926	00000000000002d2
723	722	fixed-reference-same-count-replace	26	523926	00000000000002d3
724	723	fixed-reference-same-count-replace	26	523926	00000000000002d4
725	724	fixed-reference-same-count-replace	26	523926	00000000000002d5
726	725	fixed-reference-same-count-replace	26	523926	00000000000002d6
727	726	fixed-reference-same-count-replace	26	523926	00000000000002d7
728	727	fixed-reference-same-count-replace	26	523926	00000000000002d8
729	728	fixed-reference-same-count-replace	26	523926	00000000000002d9
730	729	fixed-reference-same-count-replace	26	523926	00000000000002da
731	730	fixed-reference-same-count-replace	26	523926	00000000000002db
732	731	fixed-reference-same-count-replace	26	523926	00000000000002dc
733	732	fixed-reference-same-count-replace	26	523926	00000000000002dd
734	733	fixed-reference-same-count-replace	26	523926	00000000000002de
735	734	fixed-reference-same-count-replace	26	523926	00000000000002df
736	735	fixed-reference-same-count-replace	26	523926	00000000000002e0
737	736	fixed-reference-same-count-replace	26	523926	00000000000002e1
738	737	fixed-reference-same-count-replace	26	523926	00000000000002e2
739	738	fixed-reference-same-count-replace	26	523926	00000000000002e3
740	739	fixed-reference-same-count-replace	26	523926	00000000000002e4
741	740	fixed-reference-same-count-replace	26	523926	00000000000002e5
742	741	fixed-reference-same-count-replace	26	523926	00000000000002e6
743	742	fixed-reference-same-count-replace	26	523926	00000000000002e7
744	743	fixed-reference-same-count-replace	26	523926	00000000000002e8
745	744	fixed-reference-same-count-replace	26	523926	00000000000002e9
746	745	fixed-reference-same-count-replace	26	523926	00000000000002ea
747	746	fixed-reference-same-count-replace	26	523926	00000000000002eb
748	747	fixed-reference-same-count-replace	26	523926	00000000000002ec
749	748	fixed-reference-same-count-replace	26	523926	00000000000002ed
750	749	fixed-reference-same-count-replace	26	523926	00000000000002ee
751	750	fixed-reference-same-count-replace	26	523926	00000000000002ef
752	751	fixed-reference-same-count-replace	26	523926	00000000000002f0
753	752	fixed-reference-same-count-replace	26	523926	00000000000002f1
754	753	fixed-reference-same-count-replace	26	523926	00000000000002f2
755	754	fixed-reference-same-count-replace	26	523926	00000000000002f3
756	755	fixed-reference-same-count-replace	26	523926	00000000000002f4
757	756	fixed-reference-same-count-replace	26	523926	00000000000002f5
758	757	fixed-reference-same-count-replace	26	523926	00000000000002f6
759	758	fixed-reference-same-count-replace	26	523926	00000000000002f7
760	759	fixed-reference-same-count-replace	26	523926	00000000000002f8
761	760	fixed-reference-same-count-replace	26	523926	00000000000002f9
762	761	fixed-reference-same-count-replace	26	523926	00000000000002fa
763	762	fixed-reference-same-count-replace	26	523926	00000000000002fb
764	763	fixed-reference-same-count-replace	26	523926	00000000000002fc
765	764	fixed-reference-same-count-replace	26	523926	00000000000002fd
766	765	fixed-reference-same-count-replace	26	523926	00000000000002fe
767	766	fixed-reference-same-count-replace	26	523926	00000000000002ff
768	767	fixed-reference-same-count-replace	26	523926	0000000000000300
769	768	fixed-reference-same-count-replace	26	523926	0000000000000301
770	769	fixed-reference-same-count-replace	26	523926	0000000000000302
771	770	fixed-reference-same-count-replace	26	523926	0000000000000303
772	771	fixed-reference-same-count-replace	26	523926	0000000000000304
773	772	fixed-reference-same-count-replace	26	523926	0000000000000305
774	773	fixed-reference-same-count-replace	26	523926	0000000000000306
775	774	fixed-reference-same-count-replace	26	523926	0000000000000307
776	775	fixed-reference-same-count-replace	26	523926	0000000000000308
777	776	fixed-reference-same-count-replace	26	523926	0000000000000309
778	777	fixed-reference-same-count-replace	26	523926	000000000000030a
779	778	fixed-reference-same-count-replace	26	523926	000000000000030b
780	779	fixed-reference-same-count-replace	26	523926	000000000000030c
781	780	fixed-reference-same-count-replace	26	523926	000000000000030d
782	781	fixed-reference-same-count-replace	26	523926	000000000000030e
783	782	fixed-reference-same-count-replace	26	523926	000000000000030f
784	783	fixed-reference-same-count-replace	26	523926	0000000000000310
785	784	fixed-reference-same-count-replace	26	523926	0000000000000311
786	785	fixed-reference-same-count-replace	26	523926	0000000000000312
787	786	fixed-reference-same-count-replace	26	523926	0000000000000313
788	787	fixed-reference-same-count-replace	26	523926	0000000000000314
789	788	fixed-reference-same-count-replace	26	523926	0000000000000315
790	789	fixed-reference-same-count-replace	26	523926	0000000000000316
791	790	fixed-reference-same-count-replace	26	523926	0000000000000317
792	791	fixed-reference-same-count-replace	26	523926	0000000000000318
793	792	fixed-reference-same-count-replace	26	523926	0000000000000319
794	793	fixed-reference-same-count-replace	26	523926	000000000000031a
795	794	fixed-reference-same-count-replace	26	523926	000000000000031b
796	795	fixed-reference-same-count-replace	26	523926	000000000000031c
797	796	fixed-reference-same-count-replace	26	523926	000000000000031d
798	797	fixed-reference-same-count-replace	26	523926	000000000000031e
799	798	fixed-reference-same-count-replace	26	523926	000000000000031f
800	799	fixed-reference-same-count-replace	26	523926	0000000000000320
801	800	fixed-reference-same-count-replace	26	523926	0000000000000321
802	801	fixed-reference-same-count-replace	26	523926	0000000000000322
803	802	fixed-reference-same-count-replace	26	523926	0000000000000323
804	803	fixed-reference-same-count-replace	26	523926	0000000000000324
805	804	fixed-reference-same-count-replace	26	523926	0000000000000325
806	805	fixed-reference-same-count-replace	26	523926	0000000000000326
807	806	fixed-reference-same-count-replace	26	523926	0000000000000327
808	807	fixed-reference-same-count-replace	26	523926	0000000000000328
809	808	fixed-reference-same-count-replace	26	523926	0000000000000329
810	809	fixed-reference-same-count-replace	26	523926	000000000000032a
811	810	fixed-reference-same-count-replace	26	523926	000000000000032b
812	811	fixed-reference-same-count-replace	26	523926	000000000000032c
813	812	fixed-reference-same-count-replace	26	523926	000000000000032d
814	813	fixed-reference-same-count-replace	26	523926	000000000000032e
815	814	fixed-reference-same-count-replace	26	523926	000000000000032f
816	815	fixed-reference-same-count-replace	26	523926	0000000000000330
817	816	fixed-reference-same-count-replace	26	523926	0000000000000331
818	817	fixed-reference-same-count-replace	26	523926	0000000000000332
819	818	fixed-reference-same-count-replace	26	523926	0000000000000333
820	819	fixed-reference-same-count-replace	26	523926	0000000000000334
821	820	fixed-reference-same-count-replace	26	523926	0000000000000335
822	821	fixed-reference-same-count-replace	26	523926	0000000000000336
823	822	fixed-reference-same-count-replace	26	523926	0000000000000337
824	823	fixed-reference-same-count-replace	26	523926	0000000000000338
825	824	fixed-reference-same-count-replace	26	523926	0000000000000339
826	825	fixed-reference-same-count-replace	26	523926	000000000000033a
827	826	fixed-reference-same-count-replace	26	523926	000000000000033b
828	827	fixed-reference-same-count-replace	26	523926	000000000000033c
829	828	fixed-reference-same-count-replace	26	523926	000000000000033d
830	829	fixed-reference-same-count-replace	26	523926	000000000000033e
831	830	fixed-reference-same-count-replace	26	523926	000000000000033f
832	831	fixed-reference-same-count-replace	26	523926	0000000000000340
833	832	fixed-reference-same-count-replace	26	523926	0000000000000341
834	833	fixed-reference-same-count-replace	26	523926	0000000000000342
835	834	fixed-reference-same-count-replace	26	523926	0000000000000343
836	835	fixed-reference-same-count-replace	26	523926	0000000000000344
837	836	fixed-reference-same-count-replace	26	523926	0000000000000345
838	837	fixed-reference-same-count-replace	26	523926	0000000000000346
839	838	fixed-reference-same-count-replace	26	523926	0000000000000347
840	839	fixed-reference-same-count-replace	26	523926	0000000000000348
841	840	fixed-reference-same-count-replace	26	523926	0000000000000349
842	841	fixed-reference-same-count-replace	26	523926	000000000000034a
843	842	fixed-reference-same-count-replace	26	523926	000000000000034b
844	843	fixed-reference-same-count-replace	26	523926	000000000000034c
845	844	fixed-reference-same-count-replace	26	523926	000000000000034d
846	845	fixed-reference-same-count-replace	26	523926	000000000000034e
847	846	fixed-reference-same-count-replace	26	523926	000000000000034f
848	847	fixed-reference-same-count-replace	26	523926	0000000000000350
849	848	fixed-reference-same-count-replace	26	523926	0000000000000351
850	849	fixed-reference-same-count-replace	26	523926	0000000000000352
851	850	fixed-reference-same-count-replace	26	523926	0000000000000353
852	851	fixed-reference-same-count-replace	26	523926	0000000000000354
853	852	fixed-reference-same-count-replace	26	523926	0000000000000355
854	853	fixed-reference-same-count-replace	26	523926	0000000000000356
855	854	fixed-reference-same-count-replace	26	523926	0000000000000357
856	855	fixed-reference-same-count-replace	26	523926	0000000000000358
857	856	fixed-reference-same-count-replace	26	523926	0000000000000359
858	857	fixed-reference-same-count-replace	26	523926	000000000000035a
859	858	fixed-reference-same-count-replace	26	523926	000000000000035b
860	859	fixed-reference-same-count-replace	26	523926	000000000000035c
861	860	fixed-reference-same-count-replace	26	523926	000000000000035d
862	861	fixed-reference-same-count-replace	26	523926	000000000000035e
863	862	fixed-reference-same-count-replace	26	523926	000000000000035f
864	863	fixed-reference-same-count-replace	26	523926	0000000000000360
865	864	fixed-reference-same-count-replace	26	523926	0000000000000361
866	865	fixed-reference-same-count-replace	26	523926	0000000000000362
867	866	fixed-reference-same-count-replace	26	523926	0000000000000363
868	867	fixed-reference-same-count-replace	26	523926	0000000000000364
869	868	fixed-reference-same-count-replace	26	523926	0000000000000365
870	869	fixed-reference-same-count-replace	26	523926	0000000000000366
871	870	fixed-reference-same-count-replace	26	523926	0000000000000367
872	871	fixed-reference-same-count-replace	26	523926	0000000000000368
873	872	fixed-reference-same-count-replace	26	523926	0000000000000369
874	873	fixed-reference-same-count-replace	26	523926	000000000000036a
875	874	fixed-reference-same-count-replace	26	523926	000000000000036b
876	875	fixed-reference-same-count-replace	26	523926	000000000000036c
877	876	fixed-reference-same-count-replace	26	523926	000000000000036d
878	877	fixed-reference-same-count-replace	26	523926	000000000000036e
879	878	fixed-reference-same-count-replace	26	523926	000000000000036f
880	879	fixed-reference-same-count-replace	26	523926	0000000000000370
881	880	fixed-reference-same-count-replace	26	523926	0000000000000371
882	881	fixed-reference-same-count-replace	26	523926	0000000000000372
883	882	fixed-reference-same-count-replace	26	523926	0000000000000373
884	883	fixed-reference-same-count-replace	26	523926	0000000000000374
885	884	fixed-reference-same-count-replace	26	523926	0000000000000375
886	885	fixed-reference-same-count-replace	26	523926	0000000000000376
887	886	fixed-reference-same-count-replace	26	523926	0000000000000377
888	887	fixed-reference-same-count-replace	26	523926	0000000000000378
889	888	fixed-reference-same-count-replace	26	523926	0000000000000379
890	889	fixed-reference-same-count-replace	26	523926	000000000000037a
891	890	fixed-reference-same-count-replace	26	523926	000000000000037b
892	891	fixed-reference-same-count-replace	26	523926	000000000000037c
893	892	fixed-reference-same-count-replace	26	523926	000000000000037d
894	893	fixed-reference-same-count-replace	26	523926	000000000000037e
895	894	fixed-reference-same-count-replace	26	523926	000000000000037f
896	895	fixed-reference-same-count-replace	26	523926	0000000000000380
897	896	fixed-reference-same-count-replace	26	523926	0000000000000381
898	897	fixed-reference-same-count-replace	26	523926	0000000000000382
899	898	fixed-reference-same-count-replace	26	523926	0000000000000383
900	899	fixed-reference-same-count-replace	26	523926	0000000000000384
901	900	fixed-reference-same-count-replace	26	523926	0000000000000385
902	901	fixed-reference-same-count-replace	26	523926	0000000000000386
903	902	fixed-reference-same-count-replace	26	523926	0000000000000387
904	903	fixed-reference-same-count-replace	26	523926	0000000000000388
905	904	fixed-reference-same-count-replace	26	523926	0000000000000389
906	905	fixed-reference-same-count-replace	26	523926	000000000000038a
907	906	fixed-reference-same-count-replace	26	523926	000000000000038b
908	907	fixed-reference-same-count-replace	26	523926	000000000000038c
909	908	fixed-reference-same-count-replace	26	523926	000000000000038d
910	909	fixed-reference-same-count-replace	26	523926	000000000000038e
911	910	fixed-reference-same-count-replace	26	523926	000000000000038f
912	911	fixed-reference-same-count-replace	26	523926	0000000000000390
913	912	fixed-reference-same-count-replace	26	523926	0000000000000391
914	913	fixed-reference-same-count-replace	26	523926	0000000000000392
915	914	fixed-reference-same-count-replace	26	523926	0000000000000393
916	915	fixed-reference-same-count-replace	26	523926	0000000000000394
917	916	fixed-reference-same-count-replace	26	523926	0000000000000395
918	917	fixed-reference-same-count-replace	26	523926	0000000000000396
919	918	fixed-reference-same-count-replace	26	523926	0000000000000397
920	919	fixed-reference-same-count-replace	26	523926	0000000000000398
921	920	fixed-reference-same-count-replace	26	523926	0000000000000399
922	921	fixed-reference-same-count-replace	26	523926	000000000000039a
923	922	fixed-reference-same-count-replace	26	523926	000000000000039b
924	923	fixed-reference-same-count-replace	26	523926	000000000000039c
925	924	fixed-reference-same-count-replace	26	523926	000000000000039d
926	925	fixed-reference-same-count-replace	26	523926	000000000000039e
927	926	fixed-reference-same-count-replace	26	523926	000000000000039f
928	927	fixed-reference-same-count-replace	26	523926	00000000000003a0
929	928	fixed-reference-same-count-replace	26	523926	00000000000003a1
930	929	fixed-reference-same-count-replace	26	523926	00000000000003a2
931	930	fixed-reference-same-count-replace	26	523926	00000000000003a3
932	931	fixed-reference-same-count-replace	26	523926	00000000000003a4
933	932	fixed-reference-same-count-replace	26	523926	00000000000003a5
934	933	fixed-reference-same-count-replace	26	523926	00000000000003a6
935	934	fixed-reference-same-count-replace	26	523926	00000000000003a7
936	935	fixed-reference-same-count-replace	26	523926	00000000000003a8
937	936	fixed-reference-same-count-replace	26	523926	00000000000003a9
938	937	fixed-reference-same-count-replace	26	523926	00000000000003aa
939	938	fixed-reference-same-count-replace	26	523926	00000000000003ab
940	939	fixed-reference-same-count-replace	26	523926	00000000000003ac
941	940	fixed-reference-same-count-replace	26	523926	00000000000003ad
942	941	fixed-reference-same-count-replace	26	523926	00000000000003ae
943	942	fixed-reference-same-count-replace	26	523926	00000000000003af
944	943	fixed-reference-same-count-replace	26	523926	00000000000003b0
945	944	fixed-reference-same-count-replace	26	523926	00000000000003b1
946	945	fixed-reference-same-count-replace	26	523926	00000000000003b2
947	946	fixed-reference-same-count-replace	26	523926	00000000000003b3
948	947	fixed-reference-same-count-replace	26	523926	00000000000003b4
949	948	fixed-reference-same-count-replace	26	523926	00000000000003b5
950	949	fixed-reference-same-count-replace	26	523926	00000000000003b6
951	950	fixed-reference-same-count-replace	26	523926	00000000000003b7
952	951	fixed-reference-same-count-replace	26	523926	00000000000003b8
953	952	fixed-reference-same-count-replace	26	523926	00000000000003b9
954	953	fixed-reference-same-count-replace	26	523926	00000000000003ba
955	954	fixed-reference-same-count-replace	26	523926	00000000000003bb
956	955	fixed-reference-same-count-replace	26	523926	00000000000003bc
957	956	fixed-reference-same-count-replace	26	523926	00000000000003bd
958	957	fixed-reference-same-count-replace	26	523926	00000000000003be
959	958	fixed-reference-same-count-replace	26	523926	00000000000003bf
960	959	fixed-reference-same-count-replace	26	523926	00000000000003c0
961	960	fixed-reference-same-count-replace	26	523926	00000000000003c1
962	961	fixed-reference-same-count-replace	26	523926	00000000000003c2
963	962	fixed-reference-same-count-replace	26	523926	00000000000003c3
964	963	fixed-reference-same-count-replace	26	523926	00000000000003c4
965	964	fixed-reference-same-count-replace	26	523926	00000000000003c5
966	965	fixed-reference-same-count-replace	26	523926	00000000000003c6
967	966	fixed-reference-same-count-replace	26	523926	00000000000003c7
968	967	fixed-reference-same-count-replace	26	523926	00000000000003c8
969	968	fixed-reference-same-count-replace	26	523926	00000000000003c9
970	969	fixed-reference-same-count-replace	26	523926	00000000000003ca
971	970	fixed-reference-same-count-replace	26	523926	00000000000003cb
972	971	fixed-reference-same-count-replace	26	523926	00000000000003cc
973	972	fixed-reference-same-count-replace	26	523926	00000000000003cd
974	973	fixed-reference-same-count-replace	26	523926	00000000000003ce
975	974	fixed-reference-same-count-replace	26	523926	00000000000003cf
976	975	fixed-reference-same-count-replace	26	523926	00000000000003d0
977	976	fixed-reference-same-count-replace	26	523926	00000000000003d1
978	977	fixed-reference-same-count-replace	26	523926	00000000000003d2
979	978	fixed-reference-same-count-replace	26	523926	00000000000003d3
980	979	fixed-reference-same-count-replace	26	523926	00000000000003d4
981	980	fixed-reference-same-count-replace	26	523926	00000000000003d5
982	981	fixed-reference-same-count-replace	26	523926	00000000000003d6
983	982	fixed-reference-same-count-replace	26	523926	00000000000003d7
984	983	fixed-reference-same-count-replace	26	523926	00000000000003d8
985	984	fixed-reference-same-count-replace	26	523926	00000000000003d9
986	985	fixed-reference-same-count-replace	26	523926	00000000000003da
987	986	fixed-reference-same-count-replace	26	523926	00000000000003db
988	987	fixed-reference-same-count-replace	26	523926	00000000000003dc
989	988	fixed-reference-same-count-replace	26	523926	00000000000003dd
990	989	fixed-reference-same-count-replace	26	523926	00000000000003de
991	990	fixed-reference-same-count-replace	26	523926	00000000000003df
992	991	fixed-reference-same-count-replace	26	523926	00000000000003e0
993	992	fixed-reference-same-count-replace	26	523926	00000000000003e1
994	993	fixed-reference-same-count-replace	26	523926	00000000000003e2
995	994	fixed-reference-same-count-replace	26	523926	00000000000003e3
996	995	fixed-reference-same-count-replace	26	523926	00000000000003e4
997	996	fixed-reference-same-count-replace	26	523926	00000000000003e5
998	997	fixed-reference-same-count-replace	26	523926	00000000000003e6
999	998	fixed-reference-same-count-replace	26	523926	00000000000003e7
1000	999	fixed-reference-same-count-replace	26	523926	00000000000003e8
1001	1000	fixed-reference-same-count-replace	26	523926	00000000000003e9
