family_id	scenario_id	operation_key	fixture_bytes	start	delete_len	replacement_kind	replacement_len	payload_seed	payload_sha256	final_bytes	plan_sha256
edit_length_preserving	overwrite-head-4k-on-1mib-ops-1	overwrite-head-4k	1048576	0	4096	inline	4096	3686764519212284394	faca857b3e7f8b1b8f46c19b1625a1b9995248ae9ac85eae672b85fbc9932375	1048576	1ae44c21604dee2537c2e7e68e4dfedb2242caed62a3d50a468c1328d758b2b9
edit_length_preserving	overwrite-head-4k-on-10mib-ops-1	overwrite-head-4k	10485760	0	4096	inline	4096	3686764519212284394	faca857b3e7f8b1b8f46c19b1625a1b9995248ae9ac85eae672b85fbc9932375	10485760	c7ab1d59b39dc8d144a3ff6e2df76c630a8fabdcd52e15d532587df91e3a4ca3
edit_length_preserving	overwrite-head-4k-on-100mib-ops-1	overwrite-head-4k	104857600	0	4096	inline	4096	3686764519212284394	faca857b3e7f8b1b8f46c19b1625a1b9995248ae9ac85eae672b85fbc9932375	104857600	8069027a6ceb4f6fce2357d24fe1ae21a0e6ed03ac4bd09d00a8be7b8ca5f85e
edit_length_preserving	overwrite-head-4k-on-500mib-ops-1	overwrite-head-4k	524288000	0	4096	inline	4096	3686764519212284394	faca857b3e7f8b1b8f46c19b1625a1b9995248ae9ac85eae672b85fbc9932375	524288000	f56765f9865efb330a9be37f130f91900f5aa6aaf6e7975aaa31cdce4c5c260e
edit_length_preserving	overwrite-middle-4k-on-1mib-ops-1	overwrite-middle-4k	1048576	522240	4096	inline	4096	10800757348883211881	f2ebe7d18fdbdd17c8aaff760ad8eeb0dfd82dadf874c41dad175ff916b2a6c5	1048576	06e787e400603f712dc89ad1e1cecabe651ad01364c13b168cea4a3cdc6d7f2f
edit_length_preserving	overwrite-middle-4k-on-10mib-ops-1	overwrite-middle-4k	10485760	5240832	4096	inline	4096	10800757348883211881	f2ebe7d18fdbdd17c8aaff760ad8eeb0dfd82dadf874c41dad175ff916b2a6c5	10485760	97f9f75a1c7829fe9dee027c72d7fea97feb428fc8e258d34993e696ce3201f5
edit_length_preserving	overwrite-middle-4k-on-100mib-ops-1	overwrite-middle-4k	104857600	52426752	4096	inline	4096	10800757348883211881	f2ebe7d18fdbdd17c8aaff760ad8eeb0dfd82dadf874c41dad175ff916b2a6c5	104857600	47d168d3398c97e90aca1b26aa1d0b1d52ff181a72cf7decf55b14384e4f73fe
edit_length_preserving	overwrite-middle-4k-on-500mib-ops-1	overwrite-middle-4k	524288000	262141952	4096	inline	4096	10800757348883211881	f2ebe7d18fdbdd17c8aaff760ad8eeb0dfd82dadf874c41dad175ff916b2a6c5	524288000	038255390de66e451da0c4beb7e4e2a42981ae6105749d878dc27e3a38258f03
edit_length_preserving	overwrite-tail-4k-on-1mib-ops-1	overwrite-tail-4k	1048576	1044480	4096	inline	4096	3866307116232060780	37cf5837649769db2eccb504f2af96c69b9e514304374ed7d74c3b1299c2f385	1048576	3b867023faee419cafbfff73549cdc90d2d1ae191db2f8ba30fe43c4236c8433
edit_length_preserving	overwrite-tail-4k-on-10mib-ops-1	overwrite-tail-4k	10485760	10481664	4096	inline	4096	3866307116232060780	37cf5837649769db2eccb504f2af96c69b9e514304374ed7d74c3b1299c2f385	10485760	cbb6a28675d3cfe0c91c6dcaa094ac817015da1f47bdfd22c4d6437b0a12e0b3
edit_length_preserving	overwrite-tail-4k-on-100mib-ops-1	overwrite-tail-4k	104857600	104853504	4096	inline	4096	3866307116232060780	37cf5837649769db2eccb504f2af96c69b9e514304374ed7d74c3b1299c2f385	104857600	b2e329f1a0f302946cc66989a6dd37693c6e61e14135c18d2c71567e187fdf58
edit_length_preserving	overwrite-tail-4k-on-500mib-ops-1	overwrite-tail-4k	524288000	524283904	4096	inline	4096	3866307116232060780	37cf5837649769db2eccb504f2af96c69b9e514304374ed7d74c3b1299c2f385	524288000	889134ddc3f2b24241555fdbe51584bd9e7826ff7e8f005d228228634b8999ef
