target_path	source_path	content_recipe_sha256
regular/s000/f064.dat	regular/s000/f064.dat	08047b46cebd04a9530eb8121272921911a877b6bec52398ed66f5c2cb0c0cdb
regular/s000/f065.dat	regular/s000/f065.dat	09c420c34d4a38476b3119e74b9b632bda836a90316ed6c4ead64e162f6519c4
regular/s000/f066.dat	regular/s000/f066.dat	27cf3f94ef34e07e94fdc4f051a4c5f9ba23fd0b08b29b894d4fffc9bf26c7d4
regular/s000/f067.dat	regular/s000/f067.dat	ef7b90d5aa45553111244ebb241834240d66b3a4af94d55b5b65ffe5492e7f4b
regular/s000/f068.dat	regular/s000/f068.dat	cd6a40d517556272f915157c6884db631278da529782f2b8a8db03cce4cec781
regular/s000/f069.dat	regular/s000/f069.dat	c3d6fcac7e7d51c86a22dde20e72c5aadd1229b04d42467b8e75143848c17446
regular/s000/f070.dat	regular/s000/f070.dat	88e274cdb2db9d8380d56aecfd7d17f9f3f244635244014f45f07f77b25a778a
regular/s000/f071.dat	regular/s000/f071.dat	f01a26715c7b8d813ab3782aadaf2b7cbadef03482689f53e3badfb1ac80395c
regular/s000/f072.dat	regular/s000/f072.dat	5bd6df4e2390145b8562ceeff17ab80bc98808f4a079eecf0fbc65bbe8db0aaf
regular/s000/f073.dat	regular/s000/f073.dat	4e159cbfa0f881621e1037a343897c3bd0fd6ca8e353b3d93b92b7ae384119e0
regular/s000/f074.dat	regular/s000/f074.dat	87f5e16be9324788c444d67e3e3de1dbbe1d399d9f5c55d2f100c49c734abee6
regular/s000/f075.dat	regular/s000/f075.dat	effab08f5efebb7235e142d5339ee0e72bb1a7b1cdafb3a34335e901cd7b8ffe
regular/s000/f076.dat	regular/s000/f076.dat	72ce12b88cf14c655ead588761ff9b4cd2cd1a7cbcdbac47881e1d4f8639d412
regular/s000/f077.dat	regular/s000/f077.dat	8142ec6296a43481cb2d128d6ba7bd740ccba3506527b0ce42b210870b779959
regular/s000/f078.dat	regular/s000/f078.dat	39a9e4bc726e2049a6ba442eb806d2751561722620f269c8da19c39f861f579c
regular/s000/f079.dat	regular/s000/f079.dat	7439bdaa0c471d428c016ec599fc4043d021e2002045126f859c6c2c643bcfe1
regular/s000/f080.dat	regular/s000/f080.dat	9cfed0448545d70b098a68374ce032fe9276eb602793bd37d3713aa81b2ffa32
regular/s000/f081.dat	regular/s000/f081.dat	1fb08b2c614ac48b143b7e831d3023010175cca1dde8db47e5505e857031a7ef
regular/s000/f082.dat	regular/s000/f082.dat	229ddef2f43622c9dd1595399edeb570b3de44414245e7e64d4f813eb9a3d59c
regular/s000/f083.dat	regular/s000/f083.dat	b10f1b742843ad52ac3e78db918c8aecc06bc2ad73837d90f2d89afeeb723f71
regular/s000/f084.dat	regular/s000/f084.dat	0f0875a331e479fe05dfcf37db7829ee707dd5f603b61a3b0093bad1370b0d41
regular/s000/f085.dat	regular/s000/f085.dat	7a89851c68789958b6904ead2380cd09a65f1cb718b5c0a0edf471d5ac7494e7
regular/s000/f086.dat	regular/s000/f086.dat	243e5d23cf136eb8b5823986151a17d4444e847a2125360943b255582769a4eb
regular/s000/f087.dat	regular/s000/f087.dat	1a52007ac9d3fd8a593b976afec90d006ba081caa82b02deb360217132227613
regular/s000/f088.dat	regular/s000/f088.dat	685c086f5b98810fc1928c7002895347ee4dc5144549552a03a0f5efcc92e4d8
regular/s000/f089.dat	regular/s000/f089.dat	92e4ba7430fb9ab3de4a6856c1717a0733183ee46a08b1d88ca5f97a30480967
regular/s000/f090.dat	regular/s000/f090.dat	17dfe11da5d16b466043bdc0d73065cc478443d011f8a9a5edc9f12a399c2562
regular/s000/f091.dat	regular/s000/f091.dat	9ddf651dbe70d9c01d6ea1e5cb171ecc2d03e0138c04d5b4ea8eab607d782459
regular/s000/f092.dat	regular/s000/f092.dat	0b2b602a0833aecae5f92d5eabdc794e4eed554356991c5b82d90e75b0cc8fef
regular/s000/f093.dat	regular/s000/f093.dat	cc9f53a854ca77e627383510272df31964b5d1e6bc746832a648af79a37b3d20
regular/s000/f094.dat	regular/s000/f094.dat	81f6ee54f6a546d0df243825a201b956d2f925be9c7eec9604e32f94850d30ed
regular/s000/f095.dat	regular/s000/f095.dat	4f183241bcb0f9ad4fafd43f180d3c0b85f5a15e1262154e091b164882dabdcb
regular/s000/f096.dat	regular/s000/f096.dat	c757ef5afefbc22789c94d1857f47dea1c1279fe4cb3d7bdd74043925b8037ef
regular/s000/f097.dat	regular/s000/f097.dat	d22b6d61c7b578b7bc3e04c3166657a91794219047d1eb7499ac8974a388b95d
regular/s000/f098.dat	regular/s000/f098.dat	ee9a6e43d6f287b7538e501f974d89e22172e448058afa267a2fe271ecf9be80
regular/s000/f099.dat	regular/s000/f099.dat	e6e7f14481d4120388d94911bc38d2a307765f75281ebb6d34c0c4c6bf48e24c
regular/s000/f100.dat	regular/s000/f100.dat	5d676b99281c78d437da400bf4d70eaa33e59e7b7ee1ce092c3ccf4c6e091386
regular/s000/f101.dat	regular/s000/f101.dat	ccbd2832cbcfac7a72cff11e92221e598f9bd120c7ab490b4fb4c2524ce18b7a
regular/s000/f102.dat	regular/s000/f102.dat	501e9d1ef83e984c95216553e32b28112eec5118b4c89d1fad669fbb551d93dd
regular/s000/f103.dat	regular/s000/f103.dat	71d36c52b3d6fbaf946beb19c5a1fe3bbd05fa535693a27498534b7a25468c47
regular/s000/f104.dat	regular/s000/f104.dat	7adfde031ab1a28f2f23f5d33a037deb668beaebf32a7950c5bd42b3814b8e71
regular/s000/f105.dat	regular/s000/f105.dat	e08e1e2fbdc9330c526b024e4d66ffe3c7e03901bb7b15f882f4446b3e09e736
regular/s000/f106.dat	regular/s000/f106.dat	dc48a9c8564a1b7cd96874a657ac086e0f7f477772341ca7747188db2b48d9d8
regular/s000/f107.dat	regular/s000/f107.dat	8f9fd51f2143c542ff487e229989c9dac97428560dd2f4ec056078f6248b4cb4
regular/s000/f108.dat	regular/s000/f108.dat	e6afabe2f895303ea6c94e4341a17323354ab2984a98c10b29e0d178a0ab8eb2
regular/s000/f109.dat	regular/s000/f109.dat	8a09d5c4e6baa062cffae36cec07132fab8d09d1782ec6ace5403cd9f4e6bd3e
regular/s000/f110.dat	regular/s000/f110.dat	64800aa8d6202f2442cc98f1281d2d2e2cd00a95bb6f1127e342d69154baf630
regular/s000/f111.dat	regular/s000/f111.dat	f58aebaf650256c1e99d6890ff0e6cd014691e9f155dea6604a8839c870f63b3
regular/s000/f112.dat	regular/s000/f112.dat	0b570108c01d36226fdc7472da363e11cb223401c0c9a6bcc19d68e9b20ae75e
regular/s000/f113.dat	regular/s000/f113.dat	2b7e6a3a414bc5040bd17716ad2ef4f8f3cba970fe15165e18c6c34547b6d452
regular/s000/f114.dat	regular/s000/f114.dat	451927f9827b2f7b1c740046060314e3e1fd0ca2a7c1e48cd5a8f4a9dddf5723
regular/s000/f115.dat	regular/s000/f115.dat	76165fe3ce16460c7111e79dcd24b581e791288f67ef1e7a42b67307e1fa260b
regular/s000/f116.dat	regular/s000/f116.dat	c09d7a7674ce62f0cfaf1e8f16faa76459e187853b21180c3f5baab283f3f9c3
regular/s000/f117.dat	regular/s000/f117.dat	aa959c23fc74c05c1c5741b70095315da5cc921e9dd8784c05857d35199807b9
regular/s000/f118.dat	regular/s000/f118.dat	8f1ea6063096116d33aacaae6d3003489d50da1532624cbd21f44aff43d27dc1
regular/s000/f119.dat	regular/s000/f119.dat	6760be4482e44408c5edb9b3dcfd668b55f1dbdbb4161971fe99e7ebfe477a80
regular/s000/f120.dat	regular/s000/f120.dat	3c0e4b5dd094f5ae9a72844f998529be53fdeaf87929ba1b0ea0227a07c01bb7
regular/s000/f121.dat	regular/s000/f121.dat	5de141da4dc3fdafdb0c4b54a468c33567303f07e149f13e348c427f3b7a9a65
regular/s000/f122.dat	regular/s000/f122.dat	b520ecdb53f1ea950efb9b42ddc9aef29c70d8c2a8cda46c612eb67c15db9431
regular/s000/f123.dat	regular/s000/f123.dat	b2365c38eaa8659b12e9347f32985efd17536116b883c70d604ee4857c1a5bf2
regular/s000/f124.dat	regular/s000/f124.dat	8b6945011e4792b9efcccab813af862a6c907dbd79d1944b1aac0d6460298904
regular/s000/f125.dat	regular/s000/f125.dat	5053954d2c6a63f73b65357acc1064051e5aec862440d638335ab5c8f5c98b7e
regular/s000/f126.dat	regular/s000/f126.dat	2c752c54668988bebfeb438d3c8978c92194f56b336db27e15f44f656c4dabc0
regular/s000/f127.dat	regular/s000/f127.dat	665ac4e0b4aa1ba70c144b6b7d675ffd019562940c697ec44c98ecf048068c71
regular/s000/f128.dat	regular/s000/f128.dat	74369a2b6ee24f1e9a38412d3e33f8d9135f5c9007bb2d829d0c5cadfcebd53e
regular/s000/f129.dat	regular/s000/f129.dat	999e4134e013165d1515eaf73f55ba107e8d500c452c9fa5192bae6a02d23fc3
regular/s000/f130.dat	regular/s000/f130.dat	a2f66870cf2f8f9b7eb85c6c30e7309e2650eb13b98626dc22051c72261e61ce
regular/s000/f131.dat	regular/s000/f131.dat	cc6a304b19f7a31b4d73bbb9b1ee7aa95645b4e30743fd0c3b2c92b77b2ea4e0
regular/s000/f132.dat	regular/s000/f132.dat	2c4a8da4cb8df98391bdc6ff9f71208ca623fdf485b4bb2a6505f40d748d2550
regular/s000/f133.dat	regular/s000/f133.dat	af608be1a38cf7910a8427d6c78e271f5bf61a466a290af099183364caa58276
regular/s000/f134.dat	regular/s000/f134.dat	6566a48b086b914415860d6e65832359769f26379dee5a8a8f0453f256b9b908
regular/s000/f135.dat	regular/s000/f135.dat	819e52fd7d6875f74f8988a7d6dbee6841c9e1e1877b58eea6993eca48a91a6b
regular/s000/f136.dat	regular/s000/f136.dat	80702637275effb0a9efd245bc68aa7f48aaa3ba880edd22efc0ef34c8e94449
regular/s000/f137.dat	regular/s000/f137.dat	d23dc58d82ad3e4f011e9a83045ccff309ce7b695835d194eee7c15b5eb853da
regular/s000/f138.dat	regular/s000/f138.dat	3752ab3414d419fd786a6e69cdb8e03f4f9f8e22f5af2aade91ba3d5347834ab
regular/s000/f139.dat	regular/s000/f139.dat	4d5dc00674c116745a3c4ce9c4ced32ed10daf81ecf435eb8f1cfb64f67ec04b
regular/s000/f140.dat	regular/s000/f140.dat	8ccdd4c7e1f6b680f9411636ecf0b907032e79c431d911b3b83044a209827b6d
regular/s000/f141.dat	regular/s000/f141.dat	f92a7adb5a110ff086421442fa19f119f4f1756d62708287fa3ebc892c0f9fbf
regular/s000/f142.dat	regular/s000/f142.dat	d591a6b8a2343ac44301ac90dad5c126cf8b84fe7b43f6d2fb269acc0dd6a20a
regular/s000/f143.dat	regular/s000/f143.dat	c80213c95dcd058ce2530ebc788dfe09bec4af971d6341c5648a7ca154b23116
regular/s000/f144.dat	regular/s000/f144.dat	18828ac441033bbb45afcd2833190e4a0284ed37463db9d673c7ff9b80b3852a
regular/s000/f145.dat	regular/s000/f145.dat	deabe6522ab83728431305eb9bc71a0024823493cc4a489e3029998c7e69e1fd
regular/s000/f146.dat	regular/s000/f146.dat	2d1b85a4cd9854a2fd0e2ab2e1d792bc048a3084111f7e0ee9967ae1445f2651
regular/s000/f147.dat	regular/s000/f147.dat	7b1d67b7ec3e8294a2ad0bde6cddf145756394fe8a93f098f7c59eebc0331be1
regular/s000/f148.dat	regular/s000/f148.dat	b2a8dc9abd6d3e1c9f0de3510c66dae0f9f541bbbccaeb2f6b12226259ad2416
regular/s000/f149.dat	regular/s000/f149.dat	bd58bfd6a8ce0bc4fd7d25fd135384f70e9efce83ebf6368bc44984465a25ba6
regular/s000/f150.dat	regular/s000/f150.dat	36c24c5f39136d612d3f7e75cb39fab00a8673862c9af76e7653866aff465f6a
regular/s000/f151.dat	regular/s000/f151.dat	76b065912424ca355eaceecbf47cf8194610c06053886a4e2198bdd5ffebdd3a
regular/s000/f152.dat	regular/s000/f152.dat	70f61d8d568aaa3182836323fdfd7078275337f7c6f382ce0c5b5f9b4770e75a
regular/s000/f153.dat	regular/s000/f153.dat	42ec2584be392c9f2eba5b9a93f26b15fb15da31069e22ad1bc8da5d03afe6ee
regular/s000/f154.dat	regular/s000/f154.dat	3110eee7ca69c0c8c8a54262dd1003febc24b95258055ffb2f6a8de9ed0c7a4d
regular/s000/f155.dat	regular/s000/f155.dat	a645176ec942a2d22795a59ce162f3fc554aaf8e293523b6ea381e49492029cc
regular/s000/f156.dat	regular/s000/f156.dat	c5f729c8548292811f043a82549f156a8f712eee448beb55a4bc8f52cefc84e5
regular/s000/f157.dat	regular/s000/f157.dat	f4e23c35f1fb9ed3d1a8bbc06be0a11254f86cfb8a3db24a2c73c3adaf6712af
regular/s000/f158.dat	regular/s000/f158.dat	8eeac461820200d68ba804bc0c36be2e0b99d45f5fa7bbd38a1a8864980a14c1
regular/s000/f159.dat	regular/s000/f159.dat	aa561f8a82d709f056f72aa956ce65fb0724e7e136da577c7c091be1b8d108f0
regular/s000/f160.dat	regular/s000/f160.dat	b1a9995427992ef5bbf69ceaaafa1b5375a6ed603753a27aa3bd276e92437746
regular/s000/f161.dat	regular/s000/f161.dat	be8406d143794a82e90d1877d3ff404c3e2d7a27b4ea52b251f620956c1c835e
regular/s000/f162.dat	regular/s000/f162.dat	c688249771d90643fb252e5ec44f2e9b336b9d0611f9ba1b77bd06d039050789
regular/s000/f163.dat	regular/s000/f163.dat	dcfdbcb9ae2f263f0422355b6ba6391fe37f9a03232ef088b8712016eb6c3238
regular/s000/f164.dat	regular/s000/f164.dat	dacba9eb5198641ce72def4c8ffc4b4a23d6d7882ec17c07d9cf6a0958568529
regular/s000/f165.dat	regular/s000/f165.dat	3a5f55d0186f9e204ad8db04ca1fddd228da8ad01dddb9e81b2658de77fb0b06
regular/s000/f166.dat	regular/s000/f166.dat	7aa4639cb29d06fc2b4312aed716709dac0997ea3f515060cc03b9ade308b7bb
regular/s000/f167.dat	regular/s000/f167.dat	b4e286361d5cc6a050462e1268405ca61735ef8148d14ad0e0329fa54cbc8aad
regular/s000/f168.dat	regular/s000/f168.dat	a2edcf656b11ba9f70a718f0b651989f45985e483b15f3bbd5b73f8b0423cddc
regular/s000/f169.dat	regular/s000/f169.dat	68393826529bc7f5c865f3cc5bf503fdae5c36c4ab0ef9c9a4e7e95bf6faa785
regular/s000/f170.dat	regular/s000/f170.dat	fbfc0888b84bab63f9f2779fc9ee8f771b1431901ab4cea4415aff2280a15fe6
regular/s000/f171.dat	regular/s000/f171.dat	07efc7b949a1103a1c63f42dd593011b2428a0d73da1ae6958c2c50d3081ef99
regular/s000/f172.dat	regular/s000/f172.dat	c5ac9f123f514f9d1ee05abc720dd0bd9832ad989602f44ecb7bfc35a80c850c
regular/s000/f173.dat	regular/s000/f173.dat	04106d88d3afe7a3a240d1b1e7de068a4104b74c81898cc38b240dba4f588578
regular/s000/f174.dat	regular/s000/f174.dat	4ce3e51cbd9601a41079797341192c03a89923af0315688d7131fb9485f476d9
regular/s000/f175.dat	regular/s000/f175.dat	14e00519e07cda506e031fccbd680315582026cd48403b912a885c2f7c1e31bc
regular/s000/f176.dat	regular/s000/f176.dat	56fd9a8d08385ada41958749dd1ea850ead1d171e7dd5ca05f6b73d3b067f7a6
regular/s000/f177.dat	regular/s000/f177.dat	56e0f3d951d3914b7dfbf967e4878280bcec4b0f84f2d699faec8c3a62f5825d
regular/s000/f178.dat	regular/s000/f178.dat	8fe9106a8896c43d3cebfbaeb669a32341d8f0bd54f10dfcae92aca233c45385
regular/s000/f179.dat	regular/s000/f179.dat	defdf6a7a1ae6b9576a4b0d4981fa804715fc7b0b5e65e803462ab441d6045b3
regular/s000/f180.dat	regular/s000/f180.dat	927301d0681ee18af534da8e76c8e9e6a65555ce478d3a5d44782d70b370b16e
regular/s000/f181.dat	regular/s000/f181.dat	c09c0cef7d45e54f273db63a952b5c279be989ab245f68635ed05c6f1a2213dc
regular/s000/f182.dat	regular/s000/f182.dat	58981428d98989a5787b420f3fb9456abb9c1cb1d2706d9bca350b45616766b4
regular/s000/f183.dat	regular/s000/f183.dat	3b6995e05f5ac14e8bfdd662294c7a2b604302b560f2b5228859e7d0ea70a18b
regular/s000/f184.dat	regular/s000/f184.dat	4c648147127f2c0edd780858162ed6a010c1e2875ac84a9e30856f4a3a7fe1b4
regular/s000/f185.dat	regular/s000/f185.dat	2d0b859bd77bcc74036879e508b804106a3265edcc58cdbbe5d1c9c46fc03c95
regular/s000/f186.dat	regular/s000/f186.dat	f7a47c23d0b573f68466bc5f6b341141c88f2a827713c45f6fbb1e00c853b8d8
regular/s000/f187.dat	regular/s000/f187.dat	e528d620971e66e1a6ca58119c62a7918ceb7c0b9de7885c2d92ae50831c49c9
regular/s000/f188.dat	regular/s000/f188.dat	e8ec9dedaa5c1741d56d6c9815993ad3122a46233a8881db6847467c176db983
regular/s000/f189.dat	regular/s000/f189.dat	0dba94123c3f0278436bc6fb72cd4ef73e4861acd53834ce54c526cd1285ea1a
regular/s000/f190.dat	regular/s000/f190.dat	83921706cfff0b9e498fe544b9ed3030b2b2e85b3d593cd4b713d86d5a1bdf14
regular/s000/f191.dat	regular/s000/f191.dat	9df27e558fc43781c100c4cba958e54659da5919b6597a95d36bf32cf784462b
regular/s000/f192.dat	regular/s000/f192.dat	9ddd9aba299b9c1a7e8645b834973f53ed132f0649738acc3d5767ff15f14911
regular/s000/f193.dat	regular/s000/f193.dat	f14b1bda2cea54640b191b35245e2940d7e5a49550115c871a29f336ecf8ea4b
regular/s000/f194.dat	regular/s000/f194.dat	ac1ad27e8bad12663d2dc3cf8a1b4f0339e3142fe5c572537988c0ab910622d7
regular/s000/f195.dat	regular/s000/f195.dat	a3c77a3225b6073924a03390aaaa401a67738598aeb86db3affe5d834ed9c5da
regular/s000/f196.dat	regular/s000/f196.dat	6310dbfedc95fad42ea6fef3329ea58cf1d7bd4ddf4d74da4a8ce2815f669e0d
regular/s000/f197.dat	regular/s000/f197.dat	50fbe6f8b22612e1497e48fea49cdc33e2411aee8692b27ebad6c5be5f55a761
regular/s000/f198.dat	regular/s000/f198.dat	6f957607431c4837625b5dbd8dfd650391aa9c2b224bc98bc24d1c6a4d6a3599
spine/d001/d002/d003/d004/d005/d006/d007/d008/d009/d010/d011/d012/d013/d014/d015/d016/d017/d018/d019/d020/d021/d022/d023/d024/d025/d026/d027/d028/d029/d030/d031/d032/d033/d034/d035/d036/d037/d038/d039/d040/d041/d042/d043/d044/d045/d046/d047/d048/d049/d050/d051/d052/d053/d054/d055/d056/d057/d058/d059/d060/d061/d062/d063/d064/d065/d066/d067/d068/d069/d070/d071/d072/d073/d074/d075/d076/d077/d078/d079/d080/d081/d082/d083/d084/d085/d086/d087/d088/d089/d090/d091/d092/d093/d094/d095/d096/d097/d098/d099/d100/d101/d102/d103/d104/d105/d106/d107/d108/d109/d110/d111/d112/d113/d114/d115/d116/d117/d118/d119/d120/d121/d122/d123/d124/d125/d126/d127/d128/s000.dat	spine/d001/d002/d003/d004/d005/d006/d007/d008/d009/d010/d011/d012/d013/d014/d015/d016/d017/d018/d019/d020/d021/d022/d023/d024/d025/d026/d027/d028/d029/d030/d031/d032/d033/d034/d035/d036/d037/d038/d039/d040/d041/d042/d043/d044/d045/d046/d047/d048/d049/d050/d051/d052/d053/d054/d055/d056/d057/d058/d059/d060/d061/d062/d063/d064/d065/d066/d067/d068/d069/d070/d071/d072/d073/d074/d075/d076/d077/d078/d079/d080/d081/d082/d083/d084/d085/d086/d087/d088/d089/d090/d091/d092/d093/d094/d095/d096/d097/d098/d099/d100/d101/d102/d103/d104/d105/d106/d107/d108/d109/d110/d111/d112/d113/d114/d115/d116/d117/d118/d119/d120/d121/d122/d123/d124/d125/d126/d127/d128/s000.dat	3ce1fb4040102aeb2031838c4e12cafc7743b0a194e8baa8040836107f1ec10f
wide/s000-f000.dat	wide/s000-f000.dat	075381abfb48a9e1cf326af692d2c1f5a6e46fadbcd66a206ed1c784b969ee75
wide/s000-f001.dat	wide/s000-f001.dat	aa54d7666af547ef91c8b520a834cefc5451fcfa2c7b83622b94c39f0b90642d
wide/s000-f002.dat	wide/s000-f002.dat	8630d39830e13fd94f513ded8a127572c57b8c31f7dfda8d90c33191b37c1b55
wide/s000-f003.dat	wide/s000-f003.dat	0b43e5c9946578261c12ffe60ee18b1be30644c054a2e289849d665ed77f61a5
wide/s000-f004.dat	wide/s000-f004.dat	64b0cab8a0789d75a1d10318cbb06550aa4ef3c332d20f01de9553a375080be4
wide/s000-f005.dat	wide/s000-f005.dat	e8b7825782d1833db3827fdf5ef7919ac4cab1eba29f5d27824940101d8645eb
wide/s000-f006.dat	wide/s000-f006.dat	1659eb9248363dd2cc767041285756e00685646838c56ade4347957f6bfeadae
wide/s000-f007.dat	wide/s000-f007.dat	5d1b6bb8f095956610a2d1cc64d3f0bbc0ec96f823db68a2bd6712fb0d14359b
wide/s000-f008.dat	wide/s000-f008.dat	63bf397ae6a9484ae04638440bac200822408cc0686dfbd3d9b3bb355d49d059
wide/s000-f009.dat	wide/s000-f009.dat	706700235d60239e993ff5467654ed5a4160657ad3833cfd591e295c4d4bdf55
wide/s000-f010.dat	wide/s000-f010.dat	3a5301bc75c145fcb45ac28dd51747e093e8822b38b1a812b425dd99953ed00e
wide/s000-f011.dat	wide/s000-f011.dat	94690666d688edb28e888a257dd568e3ffc6ff8835a50602fe5a53d84a7c0577
wide/s000-f012.dat	wide/s000-f012.dat	da9a7b1ad394b8be42492ac3cf717df4592558db0d32dc9532f75ce3f35a0631
wide/s000-f013.dat	wide/s000-f013.dat	f436cc188776601d59c0446d4498d347212ed436db776886a3dcdd4ce2fba2e8
wide/s000-f014.dat	wide/s000-f014.dat	f5e1441d9b373d736c6a9d9ce0019c5ecbb6d3dd906d4b211964d6bea5e74f6d
wide/s000-f015.dat	wide/s000-f015.dat	5bbd4e31d69be2d2136aad65a0047363e1b6db93fbc2b1f1ca0e59ec27bb3e22
wide/s000-f016.dat	wide/s000-f016.dat	a7d3398d7dbe512c41dcde2312f53dd7947245be7cd3a94a27d84e6014d0be0c
wide/s000-f017.dat	wide/s000-f017.dat	cef074e87aa54c2c155c3d47d0c84c3f4efa276b73483808e60f90c72a7d41bf
wide/s000-f018.dat	wide/s000-f018.dat	4b15697005071e8d78ae03f19f04ccaecdd2e2c4eef5ecb4a440b5208ab2009d
wide/s000-f019.dat	wide/s000-f019.dat	8d4d6d68bd83212fca8a42a6f9cba00614729ce9b0d3fe2a9f9ccb0566a47c23
wide/s000-f020.dat	wide/s000-f020.dat	0f8670a625988e5d85a5195e7c8c30dcf6eb6488b15b813e924ed84d3fe51640
wide/s000-f021.dat	wide/s000-f021.dat	942322c99d08a48196b9a58a948205ca8f1d9b675e87746764485b0021cab178
wide/s000-f022.dat	wide/s000-f022.dat	7a00e51cc10a71f0527ae7e0407cfbe92043b58d13f0c3fc7b10e51016b16cb0
wide/s000-f023.dat	wide/s000-f023.dat	b03cad70d1b82bc1fef013406614c105810341a53253632449f0935c18e393d8
wide/s000-f024.dat	wide/s000-f024.dat	8e676d07226745ada18922c040186057d98250f24bec92b6b7e216ac353e7f75
wide/s000-f025.dat	wide/s000-f025.dat	6473c6f1665248496b13fd5cac2a8a239aa40c71b0778fd0cdb5a288c564c935
wide/s000-f026.dat	wide/s000-f026.dat	64635b1c7773f99037f60e9959b95ed572c5c961a7640eed558c004ae13497e8
wide/s000-f027.dat	wide/s000-f027.dat	a209b8ee3529869e0de0cdec70d62c2e1d23087c7f2be9b10c74a323a2fb750b
wide/s000-f028.dat	wide/s000-f028.dat	c3d1f4a5780167215d162463ac735a3716c0ab0f797f28b0c54f109019d28fd1
wide/s000-f029.dat	wide/s000-f029.dat	c385e3cc28c9718135b35c8cf46d81fea5623506bda6295864db49a593581af7
wide/s000-f030.dat	wide/s000-f030.dat	a9b0dc2aee0c5ef57a82b36c26a5cf4d678d4c6ee8773c5b8c1497cbd17782f7
wide/s000-f031.dat	wide/s000-f031.dat	69076fb27ab81767666f4c2d18e07591837924981688b077aa51ccc6c3b0834c
wide/s000-f032.dat	wide/s000-f032.dat	0d660144163e3c72d645024bc93523fd2da5337471b267c5a50e696aa8423806
wide/s000-f033.dat	wide/s000-f033.dat	393298c8d3d159e3f43c063e91c274a12888c051f0cc520539848974239d5569
wide/s000-f034.dat	wide/s000-f034.dat	56e385862b667c74ed796e6f7bccf60c4d1836a5b7bdbd341cbc6b73072010f5
wide/s000-f035.dat	wide/s000-f035.dat	75fa61a2e0c83316f5557267cd1683e1465251bbed06e139efc2af24514c5d4f
wide/s000-f036.dat	wide/s000-f036.dat	7ac257f95394e4d30f07d175eacb4b198756c1d4188dece907a264e3b8dca2bd
wide/s000-f037.dat	wide/s000-f037.dat	ca4b2b7b53478934b221982e019d55be6109424cf5e5931948e24b68aa9434e6
wide/s000-f038.dat	wide/s000-f038.dat	0e6024bf80779d870a1ea3b3b9297dc8c3de1a68ee58495303952a9f3601a4a2
wide/s000-f039.dat	wide/s000-f039.dat	cced30a9a4e195392a7cc242def0950ea79994d58ecd50e812be0da69db1284f
wide/s000-f040.dat	wide/s000-f040.dat	754e0d05df0c71abe9240cd6f47abf67fe0269d21613e93849297afe73756d35
wide/s000-f041.dat	wide/s000-f041.dat	677ce9c9435b56d6874f8420e125c8f7e6952bdb5f97dc1515539d2d4f9d2c0c
wide/s000-f042.dat	wide/s000-f042.dat	70db9c0eb946168447754e42d97b7590b6f7358fdd32695c0c9e8f511b6a75f6
wide/s000-f043.dat	wide/s000-f043.dat	2784bb9adfdaa8d9022ceaa3306a674168a7928d6450b852299e38946b613987
wide/s000-f044.dat	wide/s000-f044.dat	cbab354e680bda5353a57225f9cf53eb9a45aa547f797ecea11665853e0423f3
wide/s000-f045.dat	wide/s000-f045.dat	ea6a6688b79143b898d48f91fee23eda1ad60db18092fa443f0e111282398f68
wide/s000-f046.dat	wide/s000-f046.dat	c59572d435795f4873401da639242ecc0b75a5fe34073944a7f2eb0c423202e6
wide/s000-f047.dat	wide/s000-f047.dat	3c1ce293aff6dca5f9e833defebaa8fba010c36162c39e1b582fa388eca0e5a1
wide/s000-f048.dat	wide/s000-f048.dat	c210eb491a83b39d7ebab8b95016327063642d2ad5338b96d2d9291275aedff9
wide/s000-f049.dat	wide/s000-f049.dat	e0d9dbe9f21a997ba339f2ceef5e9dd9cb9d9b3322075a4014785ec78da1dde7
wide/s000-f050.dat	wide/s000-f050.dat	e86cf75016ba72cf5cd0a97a9b4f19bea52de10fd7a0a6c2896b14b613590ba3
wide/s000-f051.dat	wide/s000-f051.dat	0baaa47f506e0d9959d5d3752582a5aaa28a24bd67f497c11969244b38c1fc10
wide/s000-f052.dat	wide/s000-f052.dat	eb3ecd2d5f7dd223daea476cc248250d985908b6dc253430849c3b0e273e68ff
wide/s000-f053.dat	wide/s000-f053.dat	d260fb5178d4643edcc8d7052cb4f0a7a395b9b1cd6cd8718aac2fa22a29dc70
wide/s000-f054.dat	wide/s000-f054.dat	8c76694a080b75234ec7140629cf26caefda546a84e55b3b6c89b5ba54f18e26
wide/s000-f055.dat	wide/s000-f055.dat	7a49e89331c2880501a5a914e05f3cbc3897fd23bf6ac04d3727f384ff259bb3
wide/s000-f056.dat	wide/s000-f056.dat	a81775a17ec34be3df079e5c1845525064e1677e93b3f1998f2f77857eddefb2
wide/s000-f057.dat	wide/s000-f057.dat	e8414ce97ad4dc3203731d6e59524995eb113691941cb8eaba3459b3b5782647
wide/s000-f058.dat	wide/s000-f058.dat	53b6dad65f8b49305dce7ec8eff39e44ce89e078734e47c079aeaae0e56c3065
wide/s000-f059.dat	wide/s000-f059.dat	28c6b4133473b02a6a242ae154c85ad30a427eb92b7e970da30055a5640da631
wide/s000-f060.dat	wide/s000-f060.dat	f1883b29d432a5ee3c14a07542903ca987362f6f1c37dfcfc9e801bf86431053
wide/s000-f061.dat	wide/s000-f061.dat	685fae5796136edfe197b4232dfcbaf66d60ccdeaab66fb8edce8d7d19e181ee
wide/s000-f062.dat	wide/s000-f062.dat	ea0c4b4418cafb43f887b753d88e447bf60035739230fe05834abff688acb44c
wide/s000-f063.dat	wide/s000-f063.dat	7288ce34956c551741ae52a17c83364ba52ca50ea5fbfe013217add45e48daf9
