input_relative_path	bytes	sha256
PREPARATION-CUSTODY-v10.json	10777	1db781406f836116ebf392383c3292d8392e9e25c618189ea0f1331690d249d0
bases/first-edit-after-reopen-1048576/S1-1.source	1048576	4a3acf60f044bbae8ed0d0a8aa8fabd8b4cee74216dbccc36255b9c6fbe50a2a
bases/first-edit-after-reopen-1048576/db-K64-F64-1048576-first-edit-after-reopen-0.sqlite	1105920	b1e97fa2f5aab44b670a0cf2b8d1f96c1dcf8fa5b0ee9679b8b56239885d1737
bases/first-edit-after-reopen-1048576/db-K64-F64-1048576-first-edit-after-reopen-0.sqlite.authority	32	05d4c4a71f57600f683c90074c023c9923c50a3acfd4e425275c601d19bc4ede
bases/first-edit-after-reopen-1048576/db-K64-F64-1048576-first-edit-after-reopen-0.sqlite.expectations	1371	1b5b02396bdaaf67860f8224881e438632c1502ce83f89ecb1ab0a1a0a6b802a
bases/first-edit-after-reopen-1048576/phase4-fast-fixture.json	250	6205438b13211da93bb671288a80d07e26370d27348da43aadec26e5d9e059b2
bases/first-edit-after-reopen-104857600/S1-100.source	104857600	63b3695b8c117b5bc39885e0df0dcd0af1d49e575482bab16577d84b4f40eff4
bases/first-edit-after-reopen-104857600/db-K64-F64-104857600-first-edit-after-reopen-0.sqlite	109199360	f80463d285a2e92313fc83bd52635c9231fbbf64276775dc871f6be6a02bb8da
bases/first-edit-after-reopen-104857600/db-K64-F64-104857600-first-edit-after-reopen-0.sqlite.authority	32	432281ecae2cb1c9088e4a2a6e2e8b05e2690a6c2d998114e7d33d9c2565990b
bases/first-edit-after-reopen-104857600/db-K64-F64-104857600-first-edit-after-reopen-0.sqlite.expectations	1477	7fba27c568f1eacd69d17851329b9b2044e2c58aad091312ee782a576a67d1c6
bases/first-edit-after-reopen-104857600/phase4-fast-fixture.json	256	0027c397d981b6551d9729133a528d1487e6bad31d8b3e2246625c446969bda5
bases/one-byte-early-104857600/S1-100.source	104857600	63b3695b8c117b5bc39885e0df0dcd0af1d49e575482bab16577d84b4f40eff4
bases/one-byte-early-104857600/db-K64-F64-104857600-one-byte-early-0.sqlite	109199360	ed624c0742de0b5f7dde30f2675ba8c59266708c4c26a9da3b9392358bff4d39
bases/one-byte-early-104857600/db-K64-F64-104857600-one-byte-early-0.sqlite.authority	32	069e3fa9230c4fe75d58e0570986f2bce371bb32566fcfdbb9908258f16ff0e1
bases/one-byte-early-104857600/db-K64-F64-104857600-one-byte-early-0.sqlite.expectations	1467	d9cc56eb1aca67ca934c0f8ab30f48b4ce90a6d25254909caf06b85f58a538c2
bases/one-byte-early-104857600/phase4-fast-fixture.json	256	0027c397d981b6551d9729133a528d1487e6bad31d8b3e2246625c446969bda5
bases/one-byte-late-104857600/S1-100.source	104857600	63b3695b8c117b5bc39885e0df0dcd0af1d49e575482bab16577d84b4f40eff4
bases/one-byte-late-104857600/db-K64-F64-104857600-one-byte-late-0.sqlite	109199360	1766889219453ba606384b9f9d70144f565f0bd06d3cfcbbca19c18bc790d0af
bases/one-byte-late-104857600/db-K64-F64-104857600-one-byte-late-0.sqlite.authority	32	5732295cd824ad90a4b8647ee33a55f0a4c2bbf6752819a39d1ce459156a3de5
bases/one-byte-late-104857600/db-K64-F64-104857600-one-byte-late-0.sqlite.expectations	1467	82038fa79bcac0fc3aa05809398223b17de1bbe146723bb111aba72b40f6302a
bases/one-byte-late-104857600/phase4-fast-fixture.json	256	0027c397d981b6551d9729133a528d1487e6bad31d8b3e2246625c446969bda5
bases/one-byte-middle-104857600/S1-100.source	104857600	63b3695b8c117b5bc39885e0df0dcd0af1d49e575482bab16577d84b4f40eff4
bases/one-byte-middle-104857600/db-K64-F64-104857600-one-byte-middle-0.sqlite	109199360	18ac4010cdd03224f37f6088ec84f98bdd3feecde81be29b0b2bfd4b0f699491
bases/one-byte-middle-104857600/db-K64-F64-104857600-one-byte-middle-0.sqlite.authority	32	ae548a5159044b1f85402c0cbdffd7e7e22948b14a1115a08902b05deadbe49b
bases/one-byte-middle-104857600/db-K64-F64-104857600-one-byte-middle-0.sqlite.expectations	1469	a9bf6f2ae2592c755e584672bc55b371468beb00721c69fd06403d2b5d6d2b7d
bases/one-byte-middle-104857600/phase4-fast-fixture.json	256	0027c397d981b6551d9729133a528d1487e6bad31d8b3e2246625c446969bda5
bases/plus1-early-104857600/S1-100.source	104857600	63b3695b8c117b5bc39885e0df0dcd0af1d49e575482bab16577d84b4f40eff4
bases/plus1-early-104857600/db-K64-F64-104857600-plus1-early-0.sqlite	109199360	8b21bc8ebcdecc9961fb91ae8d57dcb909964a6df02e056775d959da055087ac
bases/plus1-early-104857600/db-K64-F64-104857600-plus1-early-0.sqlite.authority	32	fe497f54b6cc1e9730b63659a04d455a39f9788538d5a908252f44b5ae82f94b
bases/plus1-early-104857600/db-K64-F64-104857600-plus1-early-0.sqlite.expectations	1101	6950653a29f0746214beb7f5a2277454b2c68f7093bb203d14b6509d77a7e25c
bases/plus1-early-104857600/phase4-fast-fixture.json	256	0027c397d981b6551d9729133a528d1487e6bad31d8b3e2246625c446969bda5
bases/plus1-middle-104857600/S1-100.source	104857600	63b3695b8c117b5bc39885e0df0dcd0af1d49e575482bab16577d84b4f40eff4
bases/plus1-middle-104857600/db-K64-F64-104857600-plus1-middle-0.sqlite	109199360	ebee5060d9bb2a0cb7e028d05a36d99f97a570b109306fa12bc7f2a038334a33
bases/plus1-middle-104857600/db-K64-F64-104857600-plus1-middle-0.sqlite.authority	32	7b2ee80c5d9ac7a22928b20ea8218e95196dc371180734799f0422566eadf1d6
bases/plus1-middle-104857600/db-K64-F64-104857600-plus1-middle-0.sqlite.expectations	1119	af180dfcd25f32d05ded8e15e9fff5af0a63162a94d7bd50211ebcb71905268b
bases/plus1-middle-104857600/phase4-fast-fixture.json	256	0027c397d981b6551d9729133a528d1487e6bad31d8b3e2246625c446969bda5
bases/same-middle-104857600/S1-100.source	104857600	63b3695b8c117b5bc39885e0df0dcd0af1d49e575482bab16577d84b4f40eff4
bases/same-middle-104857600/db-K64-F64-104857600-same-middle-0.sqlite	109199360	a60bcfdf8092f23dfdbecaa1e4d3a12aeb1b214f9356c76b98897d7f45f2af35
bases/same-middle-104857600/db-K64-F64-104857600-same-middle-0.sqlite.authority	32	2980170182b509c332f377f56584446e4bd276a56d7db4fcffcbc53df3836a19
bases/same-middle-104857600/db-K64-F64-104857600-same-middle-0.sqlite.expectations	76881	b3afda400d8cfa55a6145879aff0075e97884edd71c0b4d23d47b5d8c5bffc14
bases/same-middle-104857600/phase4-fast-fixture.json	256	0027c397d981b6551d9729133a528d1487e6bad31d8b3e2246625c446969bda5
fixtures/1048576/S1-1.source	1048576	4a3acf60f044bbae8ed0d0a8aa8fabd8b4cee74216dbccc36255b9c6fbe50a2a
fixtures/1048576/phase4-fast-fixture.json	250	6205438b13211da93bb671288a80d07e26370d27348da43aadec26e5d9e059b2
fixtures/10485760/S1-10.source	10485760	0c7a66930ae0d1d69fcc0b59942278eeb3a3fd92a8912e3e30963f288a8f430e
fixtures/10485760/phase4-fast-fixture.json	253	3cf359bf8d60fde3aeef82b5d8d397396d760592ddb867aa1feaf11278ee39af
fixtures/104857600/S1-100.source	104857600	63b3695b8c117b5bc39885e0df0dcd0af1d49e575482bab16577d84b4f40eff4
fixtures/104857600/phase4-fast-fixture.json	256	0027c397d981b6551d9729133a528d1487e6bad31d8b3e2246625c446969bda5
preparation-evidence-v10/001-fixture-1048576.intent.json	924	f43f9a9ff0ce9dbe85bd84766be2aca38ef1df9f439dfed7d5f017bac8088646
preparation-evidence-v10/001-fixture-1048576.stderr	0	e3b0c44298fc1c149afbf4c8996fb92427ae41e4649b934ca495991b7852b855
preparation-evidence-v10/001-fixture-1048576.stdout	94	5c8791734f9e2e1f87e2addc0dc954a411f6be6eb9d7985c81c16cad69ebe985
preparation-evidence-v10/001-fixture-1048576.terminal.json	795	03eb9644f82ae3381912cfd0c1ed6b342356489dc1a13082bcba9b115442496a
preparation-evidence-v10/002-fixture-10485760.intent.json	929	e51fcff4dc2958e5d819a7cdaab914a947ab8592c61dc7b01914c8521d22ddfd
preparation-evidence-v10/002-fixture-10485760.stderr	0	e3b0c44298fc1c149afbf4c8996fb92427ae41e4649b934ca495991b7852b855
preparation-evidence-v10/002-fixture-10485760.stdout	95	bd0def1c3c7949ca7a43f38a3ff84d1ce100b08ea08ec7985f14efc8237caec7
preparation-evidence-v10/002-fixture-10485760.terminal.json	799	43219f66562058ada9bb4f71dcb83bc559629414cd033f23652e6d70e5ede3a3
preparation-evidence-v10/003-fixture-104857600.intent.json	934	533d9a66a8bd10a947fa1ea2eefddd1ec8f617a8e887c1ff8a119e3aee678cb9
preparation-evidence-v10/003-fixture-104857600.stderr	0	e3b0c44298fc1c149afbf4c8996fb92427ae41e4649b934ca495991b7852b855
preparation-evidence-v10/003-fixture-104857600.stdout	96	4c614fe3a77159a010b33427cec0d49298e5098f3dd490090fd04813df07063b
preparation-evidence-v10/003-fixture-104857600.terminal.json	805	edacc0b1efd10820454253c8bf06d5f6a721ff8c30c4364e695d6540205b1729
preparation-evidence-v10/004-prepare-1048576-first-edit-after-reopen.intent.json	1186	5fd4c3116e60098e300c9b79a6ffc0d400ce118cd5927da91ed67572704bc783
preparation-evidence-v10/004-prepare-1048576-first-edit-after-reopen.stderr	0	e3b0c44298fc1c149afbf4c8996fb92427ae41e4649b934ca495991b7852b855
preparation-evidence-v10/004-prepare-1048576-first-edit-after-reopen.stdout	146	cad9851148dd3a795598a8176cd5cfcce75ad30dd09788e73cd553cf00a0fb44
preparation-evidence-v10/004-prepare-1048576-first-edit-after-reopen.terminal.json	1161	74760c9832594155b1bc195bf842c255ae6cc050f50d8be3be88a6ad42878185
preparation-evidence-v10/005-prepare-104857600-first-edit-after-reopen.intent.json	1200	fe2c3eb00cbf76499d4e7c73cf69287ae27641c7421c36b16da460b8021c893c
preparation-evidence-v10/005-prepare-104857600-first-edit-after-reopen.stderr	0	e3b0c44298fc1c149afbf4c8996fb92427ae41e4649b934ca495991b7852b855
preparation-evidence-v10/005-prepare-104857600-first-edit-after-reopen.stdout	148	e791fcb1245f32447a48f94ff39e45175f9c5e3b940953e80ab264bb79ab8212
preparation-evidence-v10/005-prepare-104857600-first-edit-after-reopen.terminal.json	1181	518bd6d9ec26b2a1c6ec4ffb29ac0b5e2c39945294f77677c459db8f80360216
preparation-evidence-v10/006-prepare-104857600-one-byte-early.intent.json	1155	dba1f33548cc3c20d076306898b9af5ad46340c40d61b7b2febcbf3d9b82797c
preparation-evidence-v10/006-prepare-104857600-one-byte-early.stderr	0	e3b0c44298fc1c149afbf4c8996fb92427ae41e4649b934ca495991b7852b855
preparation-evidence-v10/006-prepare-104857600-one-byte-early.stdout	139	34a8b931d418eb238c5c2ea03ae20721261104457a83f5f3eddb4a528749e6c4
preparation-evidence-v10/006-prepare-104857600-one-byte-early.terminal.json	1127	9f92449230f6cb849f87985b7232f78aeee7af34f8be5face13d1e094a4dad7d
preparation-evidence-v10/007-prepare-104857600-one-byte-late.intent.json	1150	2960b9d1ae8e54510b4a74273634ee156ee6a90e8290b2e29c74fba43b17e33b
preparation-evidence-v10/007-prepare-104857600-one-byte-late.stderr	0	e3b0c44298fc1c149afbf4c8996fb92427ae41e4649b934ca495991b7852b855
preparation-evidence-v10/007-prepare-104857600-one-byte-late.stdout	138	9f9558ad56a71254c923b6db5c870c288cf699f6128bc7e754039aeb3a6aea08
preparation-evidence-v10/007-prepare-104857600-one-byte-late.terminal.json	1121	84340004c8c31d922f3c662b06d028fb67ec09e6ac3afcd02786cfb274774d13
preparation-evidence-v10/008-prepare-104857600-one-byte-middle.intent.json	1160	26965bba957705bfd790f3a447671e4468eb32e2e8d1f5a95a8481549455fa88
preparation-evidence-v10/008-prepare-104857600-one-byte-middle.stderr	0	e3b0c44298fc1c149afbf4c8996fb92427ae41e4649b934ca495991b7852b855
preparation-evidence-v10/008-prepare-104857600-one-byte-middle.stdout	140	bf040128449f3dbc92ad3a00f914b8f67cb2206743c53c99a37127acc30b599d
preparation-evidence-v10/008-prepare-104857600-one-byte-middle.terminal.json	1133	02bd87d1af83404ae254d060bcde73b4ff4a6ab5b39e30dd90b9fb1a30be0bcc
preparation-evidence-v10/009-prepare-104857600-plus1-early.intent.json	1140	5459d15480d48501175bde841f34cab85ebd6d3c2b004a90521221a204c5bdd0
preparation-evidence-v10/009-prepare-104857600-plus1-early.stderr	0	e3b0c44298fc1c149afbf4c8996fb92427ae41e4649b934ca495991b7852b855
preparation-evidence-v10/009-prepare-104857600-plus1-early.stdout	136	f81a6cd78c0b263bdb87e4e5725e118e27425874b7c221bf3602d5c9321a84b7
preparation-evidence-v10/009-prepare-104857600-plus1-early.terminal.json	1109	beac1aec172a7eae5b5215202edbaf3925771c7fee3fc6906f01110d9f7922e1
preparation-evidence-v10/010-prepare-104857600-plus1-middle.intent.json	1146	926a186597654f58238b211a16ae64584675019868247ec3c3751c205629b49a
preparation-evidence-v10/010-prepare-104857600-plus1-middle.stderr	0	e3b0c44298fc1c149afbf4c8996fb92427ae41e4649b934ca495991b7852b855
preparation-evidence-v10/010-prepare-104857600-plus1-middle.stdout	137	5ccb899cc84e0d8e933bce3cf801b03d5d551494d97edbaff3fd437de9778c38
preparation-evidence-v10/010-prepare-104857600-plus1-middle.terminal.json	1116	27080a22134a76946a5d218788997f19e2ecb291779bf1caa1506ba47f10042d
preparation-evidence-v10/011-prepare-104857600-same-middle.intent.json	1141	39a96cfbb06de9915db4b2c5f3d6e050275f52fa6a053988b2a85fd9912ebbd7
preparation-evidence-v10/011-prepare-104857600-same-middle.stderr	0	e3b0c44298fc1c149afbf4c8996fb92427ae41e4649b934ca495991b7852b855
preparation-evidence-v10/011-prepare-104857600-same-middle.stdout	136	38308385828e074aded8bb7b3fe3861fe2142d333cccda14a0c99f289802a25f
preparation-evidence-v10/011-prepare-104857600-same-middle.terminal.json	1111	4209912b78892edb19a59d1036e5d35e4ba112228903114ebf56920a913ca331
preparation-evidence-v10/CHRONOLOGY-v10.jsonl	6662	32f51217533b3b83d054cd5376bb857b017804788986269c58adcd040373de2a
preparation-evidence-v10/PREPARATION-EVIDENCE-MANIFEST-v10.tsv	5062	e766bfc130e02b1924ee37a5ab8dc0577329e63283dcda4c29882888912fdc11
