repo_relative_path	bytes	sha256
Cargo.lock	5199	70c7f1079b6dcff927932d6e0072e5cd169cd2f49ea51c72f7f108d950adb8d8
Cargo.toml	378	dbcb7eeb7672bdd5e8bb8ece8d238879e867b6f7f343ddfed50e20f807760621
crates/layerfs-core/Cargo.toml	204	7104453012be05e2e9c9baa870dfba01c1a8ca321ac9b628649926437032849c
crates/layerfs-core/src/canonical_v2.rs	22675	8fe11085d8b27b1f2a833665b4afd11f6370f3e94821f5022d67ae14cac071dc
crates/layerfs-core/src/cas/mod.rs	7715	53a4effd5ccafedb649ad9c151e6ee7115958f5b9b4e5128f8c835518d3dd319
crates/layerfs-core/src/cdc/gear.rs	6243	beb8637ea160f5b61401c0dec2b632927c81be0b491b443142973dc23108edb5
crates/layerfs-core/src/cdc/mod.rs	11300	bc0346eec113914943d046a4ab4742420acfff570d6b00115082c40bdf8e58b6
crates/layerfs-core/src/content/mod.rs	29009	0969881a415f8bd4f4e1574170f8ee869b15145b215fad2c9a86dc0102ad6c9e
crates/layerfs-core/src/content/persistence.rs	13071	5b7831aa493e84aa77db274c1ac87db70b709a406e8241d7a665c6cefcf287fa
crates/layerfs-core/src/cow/mod.rs	206	4043d8390cb9b86d4584340dc8c9929bb07720a978e47ac688b72e502424d657
crates/layerfs-core/src/cow/mutate.rs	17191	59c22e102f235831e7ff5c12f119553c084044831199d015aaa53f57f88767fa
crates/layerfs-core/src/cow/persistence.rs	9572	e2a25b67f7ee17a78a33aa0318bfcbcf020a5162b6670df8743941d282d65d56
crates/layerfs-core/src/cow/tree.rs	9173	de3171a54ac9eb4c16be834d51e0b1636009529316e04703a67def3a335e48c7
crates/layerfs-core/src/delta/codec.rs	18480	e601dfcc561188d58d6cbb41d4ad0b606501995bce04e366afb601a7ba0f5c61
crates/layerfs-core/src/delta/mod.rs	7428	c417e08dc2b6ecb39dc8371ccc5517780f948924425d33921b1036f725c46b1e
crates/layerfs-core/src/error.rs	6663	e828e199dcd6c1cc0c50b2f39ed24162b555f9c5772c36053d4ef1706e23be68
crates/layerfs-core/src/format/mod.rs	72	0bbe60b18e17635b9576457824aff64d1d9dd392442af81e709042151a0ca573
crates/layerfs-core/src/format/path.rs	8447	6ea2931b095ddecaf48a5accf1c12820c72f15fb9150d60971b524bb83e6c660
crates/layerfs-core/src/identity/digest.rs	2430	8d22dbf8216da6cb2d88c3e067d41724d6dddaa0007a65cf5cbc5b9923151ce7
crates/layerfs-core/src/identity/ids.rs	2969	4e6fe13f99abc20d0395c8e95de937614070f7d7bf7e3027d52259990927f54c
crates/layerfs-core/src/identity/mod.rs	319	bd43ccb083a0b4659fc5303469983e928fecfc5707b596cf592163ad50ba744f
crates/layerfs-core/src/lib.rs	896	ad1a0191dfe2ecafeae35f1f8d68b49ea3b1cd3cb36ce5226278f90cf3e0305b
crates/layerfs-core/src/limits.rs	898	2ca5b3e8957331011f328fe87315c6fd43c6162c4da7ddee2960b571b30ea34f
crates/layerfs-core/src/object/codec.rs	24249	513596fffcd7dca5f63fd0d86a9df6376e6794ee350c137eb6d786bba2c74659
crates/layerfs-core/src/object/mod.rs	359	1566a7de1146962d6b189daf39fe1167282d0d22305cebe840183d1533228659
crates/layerfs-core/src/object/model.rs	2387	fe6cb9e79d3d9aa16cc82896015d3a0765fb542be5a333a2f5d74f47e42801ae
crates/layerfs-core/src/validation.rs	8007	f42eb13125cc19ecfc3e4567d35926b2871cd65b46d9f0af985c5a1782f02a5e
crates/layerfs-core/tests/canonical_v2_fixture_oracle.rs	15925	43ffd693158361d2ddb90572a571a729596732535f7c0fcae237adfb7fdad5c5
crates/layerfs-core/tests/canonical_v2_shadow.rs	42119	b050a2da5ba02318954104793ef0bc5a80f01a78d75fb8f447294b543337dd91
crates/layerfs-core/tests/phase4_selected_goldens.rs	29644	727fe6683eb1d85860e34d1cf5d709c1d4b323545437f43dfbe75e394c549701
crates/layerfs-engine/Cargo.toml	537	35fd9c667575fdb3dd6ae720c4c43e6c654a9fd47da8b5dadc9f7672bd04498d
crates/layerfs-engine/src/bin/phase4_create_edit_benchmark.rs	831589	aa8ece69e2815c56a6ba6fedfb82214f3a456d8358363b663515f9c5c2cd6221
crates/layerfs-engine/src/bin/phase4_g3_materialization.rs	173339	320ecb529c11de4464ce9a76ce97cc11f60d719d418f33a40d945e5f6dde196a
crates/layerfs-engine/src/lib.rs	48986	9475d9d32d2e59cdf7b8a5f9cc3e35ecf3c58e47152fcfbf96c7a8b896eeaadb
crates/layerfs-engine/tests/phase4_engine_parity.rs	24067	04ecc427ff8d39b555feadae91e016df72cddded703ade7ed47e586e51b2932e
implementation-detail/phase-4/baseline/current-benchmark-scoreboard.md	11563	aae8a7abe2a13c3dfdf4adc006b31bc08a18fc05d02f7b7b06489d7ed0910b77
implementation-detail/phase-4/experiments/g4-materialization-acceptance/G4-STAGE-TERMINAL-v1.json	4215	0297ca2e3b49ddb7d8d2d435713450dcc336397b53cbaaaee9647a46eebcede8
implementation-detail/phase-4/experiments/g5-foundation-h11/v9/G5-0-TERMINAL-AUDIT-v9.json	2619	baef3615ab28c5b56d5714e86f870845d16a02bad688ad270892f7395ce18e26
implementation-detail/phase-4/experiments/g5-trusted-reopen-edit/v7/PREMEASUREMENT-REVISE-v7.json	2072	fce57857882471bc06f327b8c2b0e5ec07443662fc2986e5c77c5f0ce1a6f01d
implementation-detail/phase-4/experiments/g5-trusted-reopen-edit/v7/PREPARATION-FAILURE-AUDIT-v7.json	1559	3ae6e471bf5d4c3e7a522b3cb19cacb5f0a94429f86ab3c21373d7889c4b24fa
implementation-detail/phase-4/experiments/g5-trusted-reopen-edit/v8/LIMITATIONS-v8.json	1976	6e1259218b1d87daeb2572255b1ecbd6ed8d6335b82f933a2396ce1a2205e6d5
implementation-detail/phase-4/experiments/g5-trusted-reopen-edit/v8/PREREGISTRATION-v8.md	6237	a3a0d23b2c5e34b1ad35c940bc304010b522b99b6026ce3b3b9d3197d991f8c7
implementation-detail/phase-4/experiments/g5-trusted-reopen-edit/v8/REVIEW-SYNTHESIS-v8.md	3715	fd3bb70f3765cf1d4aac1fee86f63ac35ae4b62a8c1f8d34f646306b9cc91a2b
implementation-detail/phase-4/experiments/g5-trusted-reopen-edit/v8/SAMPLE-COUNT-INTERPRETATION-ADDENDUM-v8.md	1154	bad0e1ea2fd34cfbc894047b9e9b22de65cfac08820fe17766a55892a250ce27
implementation-detail/phase-4/experiments/g5-trusted-reopen-edit/v8/V7-SUPERSESSION-v8.json	916	1ef43acf331e6310a4d432361e0b302a10a7296a4187fe717bddf7c14b082999
implementation-detail/phase-4/experiments/g5-trusted-reopen-edit/v8/analyzers/independent.py	33814	22625c7957a0561c0238e7ca8391c3d8b27567bc125e32e15285de477f2ddb3e
implementation-detail/phase-4/experiments/g5-trusted-reopen-edit/v8/analyzers/primary.py	35519	4165602fd435c98405187d328687f0222d35ac447513892a56c34de979b07d17
implementation-detail/phase-4/experiments/g5-trusted-reopen-edit/v8/g5-benchmark/Cargo.lock	4818	72d6289f40ba22718f83aed58be407e03bdc9c64eb3dbbdfda1143679e389dd3
implementation-detail/phase-4/experiments/g5-trusted-reopen-edit/v8/g5-benchmark/Cargo.toml	460	230860e70424c22b091e31bdc6ba7a8339ea6e10fbe707e56a3aa3b9e543fde9
implementation-detail/phase-4/experiments/g5-trusted-reopen-edit/v8/g5-benchmark/V7-SUPERSESSION-v1.json	922	e2076a3a0d7da58a6b8e6ef4b4094c6bfe72a6b8e0cb61cb36dd3e2fb0aa1560
implementation-detail/phase-4/experiments/g5-trusted-reopen-edit/v8/g5-benchmark/build.rs	3393	1cca62aa244c4aa57cac0261832bd4c4ed195f7c94363d8dc6ac55a89d89c27b
implementation-detail/phase-4/experiments/g5-trusted-reopen-edit/v8/g5-benchmark/src/main.rs	326	60b87b184225967ed8ec4e77700f5af788d45efefc8456af047cbace831185d7
implementation-detail/phase-4/experiments/g5-trusted-reopen-edit/v8/g5-benchmark/src/session.rs	46720	44c5c2fe2b72aa024481039816bd5b649fe2d84766dabffea5279f5947e734ca
implementation-detail/phase-4/experiments/g5-trusted-reopen-edit/v8/method/EXPECTED-OUTCOMES-v8.tsv	3954	1350ae2975ea2e3199e9f93625d54e0d8496b560794b986d180ddebe296976f7
implementation-detail/phase-4/experiments/g5-trusted-reopen-edit/v8/method/INPUT-MANIFEST-v8.tsv	12750	28eb034edf42819cf8118b29172711221e890ea24b1b94a90ebf3b1e7bc2d467
implementation-detail/phase-4/experiments/g5-trusted-reopen-edit/v8/method/SCHEDULE-v8.tsv	2428	49bb7d1455209f3357f1ba9e3699938921172871a2107e765db480ead33f6e27
implementation-detail/phase-4/experiments/g5-trusted-reopen-edit/v8/runner.py	100015	30ff43eb63e298748f1fa6c671f3037d0ccc4ac156cdaab80f65b7955c8905a7
implementation-detail/phase-4/g5/implementation-verification-plan.md	50185	7a7092424d7bd7f55f8479791d04d4411b4cd9a1a7a5618355f5015cb7ee0acd
research/phase-4/g5-round-0/benchmark-contracts/g5-fast-iteration-contract.md	12618	36495a4640e1d20591ece55f7f2ce35bd8b6ed76ccae41e43c288fa01f0635ba
target/phase4-g4-materialization-acceptance-20260822-v12/results-v12/FINAL-ARTIFACT-HASHES-v1.tsv	34324	585be251a1bd1a260a12415790a0e8f4cd59271217c8533639971a11a4c0b012
target/phase4-g4-materialization-acceptance-20260822-v12/results-v12/operands-v1/phase4_create_edit_benchmark-g4	1594864	e72988fc25e96f608d0d405e157ea8e837029595ace916f066932082a736db33
