relative_path	bytes	sha256
FAULT-01-clone-failure/CLONE.json	2162	462ef60671ab22f992329e3a09d37f6ac2f8545020b1eec3215bd8c8c6f4837e
FAULT-01-clone-failure/COMMAND.json	575	4860abc9f01b813782b67bb256ef26ac0c2014fc9072f19437e5d864b5da57f1
FAULT-01-clone-failure/PARSED-RECEIPT.json	6378	992224ce3b266e65ef034e339cf136625834123a85810f6048f0351bfa7c7cb0
FAULT-01-clone-failure/PROCESS-EVIDENCE.json	1143	7f36969e052fd1802589207718f3673e5bfc42335db163a691ca1d833f53ed4e
FAULT-01-clone-failure/REBIND.json	697	f5f2aaec23a6c02796dcdd213f423c65449c64a570d732ceca67538f52995b03
FAULT-01-clone-failure/RETURN.json	166	0f828e6438156331376ff776ca4db586b1fbd5e1a19706103dd8ba5bf2b9872b
FAULT-01-clone-failure/RSS.txt	777	5b7254c2b48e88e2e1d656b7f24952580a9cf7ed6940004dd0b5a0a008b5b848
FAULT-01-clone-failure/STDERR.txt	0	e3b0c44298fc1c149afbf4c8996fb92427ae41e4649b934ca495991b7852b855
FAULT-01-clone-failure/STDOUT.txt	6296	f541f586a07d9fd9bea5d8db1373802cc11a0adcfa1911bca8e9b1b69c42ed0e
FAULT-02-after-rename-lost-ack/CLONE.json	2170	92f0c543dcf6cc253326a19a6b0f7d5f25704bac0103753ed3b56fc7fa3600fe
FAULT-02-after-rename-lost-ack/COMMAND.json	601	44f5119c0de034893b5101f5a242a2fc8934171ddebc149e6e13f5ca0cf7af04
FAULT-02-after-rename-lost-ack/PARSED-RECEIPT.json	6381	d9789cf8abe8e799472727a72025be89d038eb44e733635336de4d0de71ce25d
FAULT-02-after-rename-lost-ack/PROCESS-EVIDENCE.json	1143	c2228098c33c962f7f10f9aebdfec83264321dfc4fbd2600f446be2a028413ee
FAULT-02-after-rename-lost-ack/REBIND.json	705	3fdd23c8f8d12ed3ff3c06d5316f5ff8f8ccccd7df4f7746b92e51f9352ddcbd
FAULT-02-after-rename-lost-ack/RETURN.json	166	f756598963ec3c553bbb14147fce08d6c45bada1a9f67d5c32d7d59e20e47ca3
FAULT-02-after-rename-lost-ack/RSS.txt	777	d49b5ef1d2013a0d0a585b7200a97de4711969c4c6f54491e60091498e8cf5d7
FAULT-02-after-rename-lost-ack/STDERR.txt	0	e3b0c44298fc1c149afbf4c8996fb92427ae41e4649b934ca495991b7852b855
FAULT-02-after-rename-lost-ack/STDOUT.txt	6299	b4224a947f0744d187a0987f698c225c6e7c4d94dfde9984903f766f708245ae
FINAL-DECISION-v3.json	451	a61256a010d498cf1a579fc0f0f7a00c194a54de19f40e0aadb82699cb859b95
INDEPENDENT-PRELIMINARY-v3.json	1014	66cc03cd998e6b900fecb2791c7178b4103a4f2797b7e28b15097f84d9130da6
INDEPENDENT-v3.json	1013	c1243b262f897ca155ee910a6fc2ae0b8fa258532992e0c2faba9a5e392da980
LOCK-RELEASE-v3.json	304	1d3f3c0441a0e1b920cdc71b0aabccaf3095c62944898dd0c856f833b8d94091
PRIMARY-PRELIMINARY-v3.json	1010	3d02954ed5ee57f87b9e6840b267043a33409755deabce3d99eacb4677a92e63
PRIMARY-v3.json	1009	3e5268b57fbdb6ba1981cb4b42cbd9b97df3d781c3fd7ab0413fc90749b91c57
PROCESS-01-self-check/CLONE.json	2153	104868cf0546ca2e7db72db51de5b9d06c1df24866bc369700067d0d8eef0acd
PROCESS-01-self-check/COMMAND.json	564	e44e7bfc18baf68a8361e52dc5a1337552438a634f12d814208b57c58fac48d8
PROCESS-01-self-check/PARSED-RECEIPT.json	6362	3bc3c528b9678a68b7e6d0c48fc40158a73e4557f6e8a7b2341a310ae0565d62
PROCESS-01-self-check/PROCESS-EVIDENCE.json	1141	0526e40d240003f37116f3b6e152d07f8d0e3b2d43f36cf48f7b56829d55c140
PROCESS-01-self-check/REBIND.json	688	707ee2e80dfcda374f44cd0a3aec5f0a3eb9d47767a3ff466bfc70ef3a940456
PROCESS-01-self-check/RETURN.json	164	bcb292cde2487a0ec4f7faf7b0d029dd47856744c8904bae7f5ee0bc57dfc131
PROCESS-01-self-check/RSS.txt	777	3a9cbbe888d27f8673f6c64ef12b6451639e8ace89849f2be11de938ff44ef79
PROCESS-01-self-check/STDERR.txt	0	e3b0c44298fc1c149afbf4c8996fb92427ae41e4649b934ca495991b7852b855
PROCESS-01-self-check/STDOUT.txt	6280	3582dfd7bd615c36ad3a4389486b73bb2d911c20ad1634aeca3849f7c32ab973
PROCESS-02-screen-count/CLONE.json	2157	ce781a9633a58dfa3c6c445887d37d923b594c7fc4afb29e4aa2901b11af3193
PROCESS-02-screen-count/COMMAND.json	570	4fa850e16749f0a361076b40cc815aaaf9240a73d2e3ad17385cfb2a3e70395f
PROCESS-02-screen-count/PARSED-RECEIPT.json	6550	82399a0584fcbf8a6f68731d15d817a55e1ebb45ccf2eb5994687de21bce7bdc
PROCESS-02-screen-count/PROCESS-EVIDENCE.json	1143	79d167748ead18ddc40ba0c4e0da1f5d0c69f365a268298035a43b5c36390b70
PROCESS-02-screen-count/REBIND.json	692	22e1911d6cd27c9977e7bc593d4ee046c207a02fe285a497c9f090ce09c1de30
PROCESS-02-screen-count/RETURN.json	166	218161ff07817257d5725e2b0bfc2e6ae69f3c79be3abb26df3b85811ab500a7
PROCESS-02-screen-count/RSS.txt	777	47f0c4948d084fcf42d038f6fd6a97111a10d193137a2dfaee3ef8e3a7471f2f
PROCESS-02-screen-count/STDERR.txt	0	e3b0c44298fc1c149afbf4c8996fb92427ae41e4649b934ca495991b7852b855
PROCESS-02-screen-count/STDOUT.txt	6468	9a7229cf7b55fa4fc16c24abbc3090230135ac99f380b49884fde99c06a79b8e
PROCESS-03-screen/CLONE.json	2145	ceca5820c408f7adb9783b81e4875f2526be561b1c43ef25c3b8c5138d46a621
PROCESS-03-screen/COMMAND.json	552	c04f4e9945128cd6de0f949f03c86de95dc69afcb87cd222459713022367b0b3
PROCESS-03-screen/PARSED-RECEIPT.json	6909	5970fd9ee09ac76e10a7b896c520f01260b09794b9510c5111bd18905cf35368
PROCESS-03-screen/PROCESS-EVIDENCE.json	1143	e4cc2e03dbc292a041f3576a3d8643cf31413ae429a91858cafbce8f11d41b66
PROCESS-03-screen/REBIND.json	680	c3e9b472f7a7e751b30f990fe9502e7100ace294377ac1637e874e6bf3c8727e
PROCESS-03-screen/RETURN.json	166	8f8c5b56b0618aa99f3fa6c32f12cbdb3b06f9e47aed71e3d9d676c6b760f5b0
PROCESS-03-screen/RSS.txt	777	4e1e176a5722e037c3ebd5de48037f5d01e5d825ef2a7ff1ae9b440a831fda5a
PROCESS-03-screen/STDERR.txt	0	e3b0c44298fc1c149afbf4c8996fb92427ae41e4649b934ca495991b7852b855
PROCESS-03-screen/STDOUT.txt	6827	a02f3d36b4ccd894062fee6f26cc12203f49a4fd6d1749d5bd442822bdb87631
RAW-PRELIMINARY-v3.jsonl	59031	ddecef0ebf16ce2158ad30624ea04524d8f491227b4021d61b64dec3ca7ab8e8
RAW-v3.jsonl	59893	75db8828d9cddff04de22a1ba4e87b0f75cb57ee347375832979fe9ccf513396
TERMINAL-v3.json	364	8a0f9d24a80178b142897a5274943565c092ba9448d841d5efdb91e3be057be6
